{"stats":{"minecraft:custom":{"minecraft:interact_with_crafting_table":127,"minecraft:open_barrel":67,"minecraft:eat_cake_slice":19,"minecraft:leave_game":11,"minecraft:time_since_death":1125543,"minecraft:play_time":1142223,"minecraft:deaths":1,"minecraft:jump":9609,"minecraft:interact_with_furnace":203,"minecraft:sleep_in_bed":85,"minecraft:damage_dealt":30692,"minecraft:interact_with_smoker":2,"minecraft:interact_with_smithing_table":26,"minecraft:interact_with_anvil":2,"minecraft:sneak_time":7650,"minecraft:interact_with_blast_furnace":37,"minecraft:total_world_time":1142223,"minecraft:interact_with_stonecutter":7,"minecraft:open_copper_chest":497,"minecraft:time_since_rest":2611,"minecraft:swim_one_cm":120452,"minecraft:fly_one_cm":1953641,"minecraft:open_chest":4,"minecraft:open_iron_chest":524,"minecraft:fall_one_cm":161586,"lootr:looted_stat":37,"minecraft:sprint_one_cm":2225870,"minecraft:drop":649,"minecraft:talked_to_villager":6,"minecraft:walk_on_water_one_cm":139254,"minecraft:player_kills":1,"minecraft:crouch_one_cm":9671,"minecraft:mob_kills":199,"minecraft:interact_with_campfire":1,"minecraft:climb_one_cm":14352,"minecraft:walk_one_cm":2980782,"minecraft:raid_win":1,"minecraft:walk_under_water_one_cm":263031,"minecraft:raid_trigger":1,"minecraft:damage_taken":4091},"minecraft:crafted":{"minecraft:black_dye":4,"minecraft:smooth_stone":5,"create:copper_diving_boots":1,"minecraft:birch_slab":6,"tconstruct:broad_blade":1,"tconstruct:pick_head":2,"minecraft:cooked_mutton":11,"createastral:bronze_block":3,"minecraft:red_concrete_powder":384,"tconstruct:seared_melter":1,"create:vertical_gearbox":2,"minecraft:glass":36,"tconstruct:broad_axe_head":1,"create:cogwheel":9,"tconstruct:tough_handle":2,"create:rose_quartz":79,"travelersbackpack:standard":2,"reinfchest:copper_chest":3,"tconstruct:tool_handle":4,"minecraft:copper_ingot":448,"minecraft:hay_block":93,"minecraft:campfire":1,"create:encased_chain_drive":1,"create:mechanical_mixer":1,"create:gearbox":9,"createastral:copper_boots":1,"minecraft:stone_slab":6,"minecraft:gold_ingot":78,"create:large_cogwheel":2,"tconstruct:cleaver":6,"createastral:copper_helmet":1,"tconstruct:large_plate":2,"doodads:platform":24,"minecraft:yellow_concrete_powder":136,"minecraft:smooth_stone_slab":10,"tconstruct:part_builder":1,"create:wrench":1,"minecraft:iron_nugget":9,"farmersdelight:raw_pasta":2,"tconstruct:repair_kit":1,"tconstruct:seared_basin":1,"minecraft:bone_meal":3,"create:copper_backtank":1,"travelersbackpack:blank_upgrade":4,"travelersbackpack:gold_tier_upgrade":1,"tconstruct:tinker_station":2,"techreborn:tin_ingot":239,"astraladditions:ring_gold_cast":1,"farmersdelight:rice":13,"minecraft:redstone_block":90,"tconstruct:tinkers_anvil":1,"create:goggles":2,"minecraft:blue_bed":1,"tconstruct:hammer_head":1,"minecraft:jungle_slab":6,"tconstruct:seared_heater":1,"createastral:sturdy_sheet_block":17,"minecraft:cobblestone":63,"extended_drawers:single_drawer":9,"minecraft:armor_stand":2,"create:shaft":16,"compressor:compressed_cobblestone":7,"tconstruct:mattock":4,"minecraft:brick":74,"tconstruct:cast_chest":1,"minecraft:oak_planks":144,"minecraft:barrel":9,"createastral:bronze_ingot":100,"minecraft:cooked_chicken":17,"createaddition:rolling_mill":1,"travelersbackpack:hose_nozzle":1,"minecraft:stone":19,"tconstruct:tool_binding":1,"create:deployer":1,"create:sturdy_sheet":20,"minecraft:raw_copper":574,"tconstruct:broad_axe":4,"tconstruct:seared_brick":168,"farmersdelight:tomato_sauce":1,"techreborn:treetap":1,"minecraft:chest":10,"minecraft:copper_block":2,"tconstruct:small_axe_head":3,"createastral:copper_leggings":1,"minecraft:bricks":16,"reinfchest:iron_chest":5,"minecraft:oak_fence":21,"create:brass_hand":1,"minecraft:raw_iron_block":8,"farmersdelight:stove":1,"farmersdelight:tomato_seeds":28,"tconstruct:small_blade":1,"minecraft:oak_slab":6,"createastral:copper_chestplate":1,"travelersbackpack:iron_tier_upgrade":1,"createastral:sturdy_chestplate":1,"minecraft:crafting_table":1,"create:fluid_pipe":10,"tconstruct:coin_cast":1,"create:zinc_nugget":180,"create:sand_paper":1,"minecraft:birch_planks":96,"createastral:sturdy_boots":1,"tconstruct:scythe":2,"minecraft:yellow_dye":17,"minecraft:stick":228,"create:mechanical_pump":1,"minecraft:iron_ingot":283,"tconstruct:vein_hammer":7,"tconstruct:pickaxe":8,"tconstruct:pattern":36,"minecraft:redstone":639,"campanion:cracker":8,"minecraft:raw_iron":81,"minecraft:coal":333,"create:brown_toolbox":1,"techreborn:tin_storage_block":4,"tconstruct:round_plate":3,"minecraft:furnace":2,"minecraft:blast_furnace":1,"minecraft:diamond_block":1,"tconstruct:travelers_leggings":1,"compressor:compressed_cobbled_deepslate":14,"minecraft:polished_deepslate":529,"minecraft:slime_ball":45,"create:millstone":1,"tconstruct:seared_table":1,"create:fluid_tank":1,"create:basin":1,"trashcans:item_trash_can":1,"travelersbackpack:hose":1,"minecraft:cooked_beef":49,"minecraft:red_dye":55,"create:andesite_alloy":191,"tconstruct:excavator":7,"travelersbackpack:backpack_tank":4,"create:large_water_wheel":1,"minecraft:bread":2,"minecraft:air":0,"minecraft:jungle_planks":244,"minecraft:blue_dye":1,"create:whisk":1,"tconstruct:seared_faucet":3,"minecraft:stonecutter":1,"create:copper_diving_helmet":1,"minecraft:torch":828,"create:zinc_ingot":126,"minecraft:clay":3,"minecraft:lapis_block":3,"tconstruct:sledge_hammer":5},"minecraft:used":{"kubejs:shimmer_bucket":11,"minecraft:poppy":1,"trashcans:item_trash_can":2,"minecraft:chest":1,"vinery:apple_pie":1,"create:depot":4,"minecraft:jungle_sapling":11,"farmersdelight:fried_rice":1,"minecraft:lava_bucket":11,"extended_drawers:quad_drawer":4,"minecraft:grass_block":11,"tconstruct:seared_faucet":7,"packages:package":19,"tconstruct:tinkers_anvil":2,"minecraft:bow":1,"create:shaft":52,"minecraft:furnace":2,"minecraft:potato":27,"vinery:white_grape_seeds":10,"minecraft:diorite":9,"minecraft:damaged_anvil":1,"doodads:asphalt":381,"minecraft:clay":64,"minecraft:sand":1,"minecraft:blast_furnace":1,"farmersdelight:rice":67,"create:copper_backtank":6,"create:adjustable_chain_gearshift":5,"extractinator:silt":3,"vinery:apple_pie_slice":4,"create:basin":4,"minecraft:smithing_table":1,"mcdw:sickle_nightmares_bite":16,"minecraft:armor_stand":5,"minecraft:torch":852,"doodads:platform":24,"extended_drawers:connector":3,"minecraft:oak_fence_gate":1,"tconstruct:seared_heater":2,"create:gearbox":28,"create:wrench":103,"minecraft:iron_axe":40,"minecraft:jungle_log":10,"minecraft:barrel":2,"create:encased_chain_drive":9,"createaddition:honey_cake":1,"tconstruct:cast_chest":1,"farmersdelight:cooking_pot":1,"travelersbackpack:hose":19,"farmersdelight:tomato_seeds":28,"minecraft:cobbled_deepslate":57,"minecraft:wheat_seeds":510,"minecraft:water_bucket":90,"extended_drawers:single_drawer":27,"extended_drawers:shadow_drawer":8,"minecraft:crafting_table":1,"minecraft:white_bed":1,"techreborn:rubber_sapling":118,"minecraft:cake":1,"minecraft:oak_log":1,"farmersdelight:pasta_with_meatballs":1,"tconstruct:seared_table":8,"minecraft:iron_pickaxe":250,"create:water_wheel":5,"minecraft:cobblestone":146,"tconstruct:seared_melter":2,"travelersbackpack:standard":29,"farmersdelight:egg_sandwich":1,"create:clutch":2,"campanion:cracker":8,"createastral:sturdy_leggings":1,"minecraft:polished_deepslate":104,"farmersdelight:cabbage_rolls":1,"farmersdelight:stove":1,"create:cogwheel":47,"minecraft:carrot":30,"minecraft:tuff":3,"minecraft:obsidian":1,"packages:package_maker":3,"tconstruct:broad_axe":2,"create:millstone":4,"sniffer:sniffer_egg":1,"minecraft:skeleton_skull":2,"create:copper_diving_boots":1,"travelersbackpack:spider":2,"reinfchest:iron_chest":6,"mcdw:sword_freezing_foil":8,"minecraft:blue_bed":1,"createaddition:rolling_mill":7,"minecraft:redstone_torch":13,"extended_drawers:lock":17,"minecraft:lever":2,"minecraft:bread":26,"techreborn:rubber_log":2,"tconstruct:scythe":94,"minecraft:gravel":94,"minecraft:grindstone":1,"tconstruct:crafting_station":2,"create:stressometer":10,"create:vertical_gearbox":31,"minecraft:bone_meal":540,"create:large_cogwheel":27,"minecraft:oak_fence":25,"extended_drawers:double_drawer":1,"minecraft:redstone":11,"reinfchest:copper_chest":16,"minecraft:cooked_chicken":14,"minecraft:dirt":330,"minecraft:spyglass":7,"create:mechanical_mixer":10,"tconstruct:seared_bricks":1,"tconstruct:tinker_station":3,"create:brown_toolbox":1,"minecraft:cooked_beef":39,"tconstruct:part_builder":3,"minecraft:cooked_mutton":11,"farmersdelight:skillet":1,"minecraft:stonecutter":1,"farmersdelight:onion":48,"tconstruct:seared_basin":3,"farmersdelight:smoked_ham":1,"minecraft:apple":4,"create:mechanical_press":8,"farmersdelight:stuffed_potato":1,"minecraft:chicken":2,"create:large_water_wheel":21,"minecraft:white_banner":4,"minecraft:bucket":110,"create:hand_crank":3,"farmersdelight:fruit_salad":1,"vinery:red_grape_seeds":8},"minecraft:killed":{"minecraft:skeleton":31,"minecraft:chicken":34,"minecraft:tropical_fish":1,"minecraft:pillager":18,"minecraft:zombie":33,"minecraft:cow":24,"minecraft:vindicator":1,"naturalist:bear":1,"minecraft:ravager":1,"minecraft:witch":1,"minecraft:spider":14,"sniffer:sniffer":1,"minecraft:pig":19,"minecraft:creeper":2,"minecraft:sheep":8,"vinery:mule":4,"vinery:wandering_winemaker":2,"minecraft:squid":3,"minecraft:player":1},"minecraft:dropped":{"tconstruct:tinkers_anvil":1,"minecraft:clay":46,"another_furniture:dark_oak_bench":2,"minecraft:lapis_lazuli":3,"minecraft:diamond":1,"vinery:white_grape_seeds":14,"create:cogwheel":6,"techreborn:rubber_sapling":23,"minecraft:rail":6,"minecraft:emerald":2,"minecraft:dirt":12,"kubejs:compound_mixture_bucket":1,"techreborn:raw_tin":8,"minecraft:large_fern":1,"create:copper_backtank":2,"minecraft:jungle_sapling":2,"minecraft:gold_nugget":1,"create:goggles":2,"minecraft:white_wool":22,"extended_drawers:single_drawer":1,"tconstruct:travelers_leggings":1,"tconstruct:pickaxe":3,"minecraft:cooked_chicken":3,"minecraft:cobbled_deepslate":13,"tconstruct:broad_blade":1,"extended_drawers:double_drawer":1,"minecraft:wheat":12,"minecraft:obsidian":227,"minecraft:rotten_flesh":17,"minecraft:grindstone":1,"chipped:deepslate_40":1,"minecraft:oak_planks":14,"farmersdelight:rice_panicle":57,"tconstruct:sledge_hammer":1,"techreborn:tin_ingot":32,"create:wrench":3,"create:limestone":245,"minecraft:beef":4,"tconstruct:seared_faucet":1,"tconstruct:cast_chest":1,"minecraft:egg":1,"create:basin":1,"create:mechanical_mixer":2,"minecraft:iron_ingot":11,"create:rose_quartz":10,"reinfchest:iron_chest":2,"minecraft:wheat_seeds":1021,"tconstruct:seared_table":1,"minecraft:oak_fence":10,"minecraft:cobblestone":64,"minecraft:granite":9,"createastral:andesite_compound":3,"minecraft:coal":7,"create:andesite_casing":1,"techreborn:rubber_log":240,"tconstruct:travelers_helmet":1,"mcdw:dagger_dagger":2,"techreborn:rubber":66,"create:copper_diving_boots":1,"minecraft:string":2,"create:sand_paper":1,"create:raw_zinc":1,"create:clutch":1,"createastral:copper_helmet":1,"tconstruct:rose_gold_ingot":9,"minecraft:yellow_concrete_powder":72,"minecraft:furnace":1,"minecraft:moss_carpet":1,"create:ochrum":19,"minecraft:cocoa_beans":3,"adoptafloppa:orca_item":1,"minecraft:clay_ball":321,"create:mechanical_pump":1,"create:copper_sheet":1,"doodads:platform":39,"packages:package_maker":2,"reinfchest:copper_chest":3,"create:zinc_ingot":72,"tconstruct:travelers_boots":1,"create:hand_crank":1,"minecraft:spider_eye":1,"minecraft:bow":2,"farmersdelight:ham":1,"minecraft:black_wool":3,"create:vertical_gearbox":1,"minecraft:moss_block":13,"create:millstone":1,"create:crimsite":205,"compressor:compressed_cobbled_deepslate":14,"travelersbackpack:standard":2,"minecraft:flint":3,"create:copper_diving_helmet":1,"tconstruct:gear_cast":1,"estrogen:estrogen_patches":1,"create:fluid_pipe":9,"extended_drawers:lock":2,"minecraft:mutton":4,"createastral:copper_leggings":1,"create:iron_sheet":7,"ftbquests:book":1,"createbigcannons:bronze_scrap":1,"minecraft:gold_ingot":1,"minecraft:honeycomb_block":2,"vinery:red_grape_seeds":12,"minecraft:gravel":282,"techreborn:treetap":1,"minecraft:fern":1,"tconstruct:cleaver":1,"createastral:copper_chestplate":1,"campanion:leather_pouch":2,"tconstruct:spider_head":1,"minecraft:skeleton_skull":1,"minecraft:melon_seeds":1,"tconstruct:hammer_head":1,"minecraft:azalea":2,"create:depot":1,"minecraft:arrow":1,"create:water_wheel":5,"create:mechanical_press":1,"minecraft:scaffolding":1,"create:andesite_alloy":94,"create:powdered_obsidian":9,"tconstruct:coin_cast":1,"minecraft:bread":13,"create:unprocessed_obsidian_sheet":1,"minecraft:red_concrete_powder":590,"mcdw:dagger_chill_gale_knife":1,"minecraft:poisonous_potato":1,"create:zinc_nugget":333,"minecraft:copper_ingot":29,"minecraft:grass_block":1,"minecraft:stick":36,"minecraft:diorite":474,"tconstruct:broad_axe_head":1,"minecraft:melon_slice":17,"minecraft:zombie_head":1,"travelersbackpack:spider":2,"farmersdelight:bacon":9,"minecraft:iron_axe":1,"createaddition:rolling_mill":1,"minecraft:bucket":3,"minecraft:music_disc_cat":1,"minecraft:smooth_basalt":3,"minecraft:polished_deepslate":1,"techreborn:sap":111,"create:shaft":8,"minecraft:raw_copper":406,"createastral:bronze_ingot":5,"minecraft:tuff":142,"minecraft:raw_iron":8,"create:encased_chain_drive":1,"minecraft:tall_grass":1,"farmersdelight:flint_knife":1,"extended_drawers:connector":1,"createastral:copper_boots":1,"minecraft:andesite":380,"minecraft:oak_sapling":28,"create:deployer":1,"extended_drawers:quad_drawer":1,"tconstruct:seared_brick":107,"createaddition:gold_rod":1,"tconstruct:travelers_chestplate":1,"minecraft:slime_ball":4,"extractinator:silt":2,"minecraft:calcite":2},"minecraft:picked_up":{"farmersdelight:cabbage_rolls":4,"vinery:red_grape":20,"tconstruct:cast_chest":1,"minecraft:creeper_head":1,"minecraft:lead":4,"farmersdelight:rice_panicle":70,"vinery:red_grape_seeds":42,"create:wrench":2,"minecraft:enchanted_book":4,"techreborn:andesite_dust":25,"techreborn:treetap":1,"create:copper_diving_boots":3,"minecraft:amethyst_block":17,"minecraft:polished_deepslate":69,"minecraft:music_disc_cat":1,"minecraft:string":44,"create:limestone":245,"create:unprocessed_obsidian_sheet":41,"create:water_wheel":12,"tconstruct:ingot_cast":1,"minecraft:cobbled_deepslate":944,"techreborn:rubber_log":854,"packages:package_maker":4,"create:andesite_casing":14,"tconstruct:seared_faucet":3,"createaddition:gold_rod":1,"tconstruct:sky_slime_crystal":8,"tconstruct:large_plate_cast":1,"farmersdelight:onion":133,"create:ochrum":19,"tconstruct:spider_head":4,"minecraft:birch_log":104,"minecraft:feather":58,"farmersdelight:rice":2,"minecraft:jungle_log":362,"createastral:bronze_sheet":3,"minecraft:flint":103,"trashcans:item_trash_can":1,"farmersdelight:tomato":48,"create:encased_chain_drive":20,"create:goggles":2,"tconstruct:seared_table":8,"create:shaft":37,"minecraft:moss_block":13,"chipped:deepslate_40":1,"mcdw:axe_firebrand":1,"mcdw:dagger_chill_gale_knife":1,"tconstruct:hammer_head":1,"minecraft:ink_sac":4,"extractinator:silt":7,"techreborn:rubber":64,"create:crimsite":205,"minecraft:lever":2,"minecraft:granite":75,"minecraft:bread":73,"tconstruct:travelers_chestplate":2,"minecraft:bricks":44,"minecraft:clay_ball":268,"tconstruct:gear_cast":1,"tconstruct:tinkers_anvil":1,"vinery:apple_pie":1,"tconstruct:travelers_helmet":2,"tconstruct:cleaver":1,"minecraft:beef":58,"minecraft:jungle_sapling":43,"minecraft:poppy":38,"minecraft:chest":1,"minecraft:birch_sapling":54,"create:clutch":5,"minecraft:raw_copper_block":14,"minecraft:egg":39,"create:polished_rose_quartz":10,"extended_drawers:double_drawer":2,"farmersdelight:minced_beef":6,"tconstruct:pickaxe":3,"create:copper_backtank":10,"create:powdered_obsidian":9,"minecraft:carrot":124,"minecraft:redstone":830,"create:vertical_gearbox":35,"minecraft:tnt":1,"create:depot":4,"minecraft:mutton":12,"minecraft:white_wool":10,"extended_drawers:lock":3,"minecraft:rail":6,"create:iron_sheet":2,"minecraft:oak_log":71,"farmersdelight:skillet":2,"tconstruct:sky_slime_crystal_block":2,"minecraft:paper":50,"minecraft:white_banner":5,"techreborn:sap":4,"tconstruct:seared_brick":7,"minecraft:apple":24,"mcdw:dagger_dagger":1,"another_furniture:dark_oak_bench":2,"minecraft:smooth_basalt":3,"minecraft:gravel":848,"tconstruct:coin_cast":1,"create:gearbox":20,"packages:package":19,"travelersbackpack:standard":5,"create:millstone":4,"farmersdelight:stuffed_potato":1,"minecraft:slime_ball":41,"adoptafloppa:orca_item":1,"techreborn:raw_tin":231,"tconstruct:tough_handle_cast":1,"minecraft:wheat":1142,"tconstruct:broad_axe_head":1,"travelersbackpack:spider":2,"minecraft:raw_copper":377,"minecraft:armor_stand":3,"minecraft:zombie_head":2,"create:mechanical_press":8,"minecraft:bucket":4,"reinfchest:copper_chest":14,"minecraft:rose_bush":1,"minecraft:redstone_torch":13,"tconstruct:broad_blade":1,"minecraft:calcite":2,"minecraft:azalea":2,"minecraft:furnace":1,"minecraft:stick":280,"create:mechanical_mixer":11,"doodads:platform":62,"minecraft:oak_fence":11,"minecraft:torch":31,"minecraft:porkchop":36,"minecraft:dried_kelp":6,"minecraft:diorite":560,"extended_drawers:quad_drawer":5,"create:large_cogwheel":21,"extended_drawers:connector":4,"minecraft:rotten_flesh":46,"minecraft:obsidian":164,"minecraft:cobblestone":1317,"tconstruct:seared_bricks":1,"mcdw:hammer_flail":1,"campanion:leather_pouch":1,"farmersdelight:smoked_ham":1,"minecraft:andesite":556,"minecraft:potato":162,"minecraft:tuff":150,"create:raw_zinc":137,"minecraft:lapis_lazuli":80,"minecraft:dirt":1780,"minecraft:stripped_birch_log":6,"tconstruct:rose_gold_ingot":9,"vinery:apple_pie_slice":4,"minecraft:bone":84,"farmersdelight:iron_knife":1,"minecraft:bow":2,"minecraft:wheat_seeds":3249,"doodads:asphalt":3,"minecraft:raw_gold":34,"minecraft:grindstone":2,"minecraft:oak_planks":5,"extended_drawers:single_drawer":11,"extended_drawers:shadow_drawer":8,"minecraft:cooked_porkchop":12,"create:cogwheel":36,"minecraft:poisonous_potato":1,"vinery:white_grape":21,"minecraft:sand":954,"techreborn:rubber_sapling":289,"minecraft:sugar":4,"minecraft:diamond":14,"tconstruct:seared_basin":1,"minecraft:crossbow":2,"minecraft:emerald":9,"minecraft:oak_sapling":82,"create:stressometer":10,"minecraft:cocoa_beans":10,"tconstruct:crafting_station":1,"minecraft:chicken":34,"createaddition:rolling_mill":7,"minecraft:chain":6,"tconstruct:nugget_cast":1,"minecraft:moss_carpet":1,"minecraft:iron_axe":3,"minecraft:player_head":1,"create:basin":4,"minecraft:light_gray_wool":4,"minecraft:raw_iron":268,"minecraft:copper_ingot":39,"minecraft:bowl":1,"vinery:vinemaker_leggings":1,"create:hand_crank":4,"create:zinc_ingot":4,"minecraft:arrow":80,"tconstruct:tinker_station":2,"vinery:white_grape_seeds":48,"minecraft:saddle":2,"minecraft:skeleton_skull":4,"tconstruct:travelers_boots":2,"minecraft:glow_ink_sac":4,"tconstruct:part_builder":2,"minecraft:leather":22,"tconstruct:travelers_leggings":2,"create:andesite_alloy":4,"minecraft:gunpowder":4,"minecraft:cooked_mutton":2,"tconstruct:sledge_hammer":1,"create:adjustable_chain_gearshift":5,"farmersdelight:fruit_salad":1,"minecraft:iron_ingot":2,"minecraft:cooked_chicken":8,"minecraft:book":4,"minecraft:scaffolding":1,"create:large_water_wheel":7,"minecraft:red_concrete_powder":22,"minecraft:dandelion":17,"minecraft:raw_iron_block":1,"minecraft:white_bed":1,"minecraft:spider_eye":18,"create:copper_diving_helmet":3,"minecraft:pumpkin_seeds":1,"reinfchest:iron_chest":2,"create:zinc_nugget":108,"minecraft:iron_helmet":1,"tconstruct:pattern":24,"minecraft:damaged_anvil":1,"minecraft:coal":436},"minecraft:mined":{"reinfchest:copper_chest":13,"minecraft:white_bed":1,"create:andesite_casing":11,"tconstruct:sky_slime_crystal_block":2,"minecraft:jungle_leaves":4,"minecraft:obsidian":159,"minecraft:granite":46,"minecraft:jungle_log":256,"minecraft:spawner":1,"minecraft:cobbled_deepslate":6,"tconstruct:seared_melter":1,"minecraft:deepslate_lapis_ore":5,"create:mechanical_press":6,"create:limestone":41,"create:cogwheel":27,"tconstruct:part_builder":2,"extended_drawers:connector":3,"minecraft:torch":6,"farmersdelight:rice_crop":1,"chipped:deepslate_40":2,"minecraft:damaged_anvil":1,"minecraft:amethyst_block":18,"minecraft:skeleton_skull":1,"create:basin":3,"tconstruct:seared_faucet":5,"minecraft:wheat":203,"create:mechanical_mixer":9,"minecraft:grass":940,"create:hand_crank":1,"create:stressometer":10,"another_furniture:dark_oak_bench":1,"minecraft:smooth_basalt":4,"create:clutch":2,"minecraft:deepslate":810,"techreborn:rubber_sapling":9,"create:zinc_ore":89,"create:copper_backtank":7,"create:millstone":3,"packages:package":19,"minecraft:dark_oak_log":1,"minecraft:stripped_birch_log":7,"minecraft:redstone_wire":9,"tconstruct:sky_slime_crystal_cluster":2,"doodads:asphalt":3,"create:shaft":37,"minecraft:jungle_sapling":4,"minecraft:andesite":570,"minecraft:potatoes":1,"minecraft:vine":37,"minecraft:dandelion":17,"doodads:platform":24,"create:water_wheel":8,"minecraft:tall_grass":3,"minecraft:copper_ore":102,"minecraft:deepslate_gold_ore":27,"minecraft:diorite":515,"create:water_wheel_structure":1,"farmersdelight:skillet":1,"techreborn:rubber_leaves":2,"create:gearbox":48,"minecraft:gravel":862,"minecraft:gold_ore":7,"minecraft:fern":331,"packages:package_maker":2,"create:deepslate_zinc_ore":41,"tconstruct:tinker_station":2,"tconstruct:seared_bricks":1,"minecraft:grass_block":1062,"extended_drawers:double_drawer":1,"tconstruct:seared_table":7,"minecraft:raw_iron_block":1,"minecraft:iron_ore":154,"minecraft:deepslate_redstone_ore":178,"create:adjustable_chain_gearshift":5,"tconstruct:tinkers_anvil":1,"minecraft:clay":64,"minecraft:calcite":3,"minecraft:poppy":38,"minecraft:chest":1,"minecraft:cobblestone":17,"minecraft:grindstone":1,"extractinator:silt":3,"minecraft:wall_torch":2,"create:large_water_wheel":5,"minecraft:birch_log":104,"minecraft:oak_log":71,"minecraft:sand":964,"minecraft:dirt":426,"tconstruct:crafting_station":1,"tconstruct:seared_heater":1,"create:encased_chain_drive":9,"create:crimsite":211,"minecraft:oak_leaves":16,"minecraft:tuff":80,"trashcans:item_trash_can":1,"farmersdelight:onions":1,"minecraft:deepslate_diamond_ore":13,"minecraft:lever":2,"create:large_cogwheel":20,"create:depot":2,"createaddition:rolling_mill":6,"tconstruct:grout":1,"minecraft:furnace":1,"minecraft:carrots":2,"minecraft:polished_deepslate":8,"minecraft:deepslate_iron_ore":119,"minecraft:packed_ice":1,"minecraft:stone":1065,"minecraft:redstone_wall_torch":3,"extended_drawers:single_drawer":10,"travelersbackpack:standard":5,"minecraft:oak_fence":14,"minecraft:crafting_table":1,"tconstruct:seared_basin":2,"minecraft:rose_bush":1,"reinfchest:iron_chest":2,"minecraft:deepslate_coal_ore":6,"minecraft:lapis_ore":8,"extended_drawers:shadow_drawer":8,"techreborn:tin_ore":233,"minecraft:redstone_torch":9,"extended_drawers:quad_drawer":4,"farmersdelight:rice_upper_crop":1,"minecraft:coal_ore":386,"minecraft:cocoa":1,"techreborn:rubber_log":547},"minecraft:broken":{"minecraft:iron_pickaxe":1,"techreborn:treetap":8}},"DataVersion":2975}