{"stats":{"minecraft:custom":{"lootr:looted_stat":17,"minecraft:interact_with_crafting_table":54,"minecraft:eat_cake_slice":15,"minecraft:leave_game":6,"minecraft:time_since_death":393832,"minecraft:sprint_one_cm":746375,"minecraft:drop":251,"minecraft:talked_to_villager":1,"minecraft:play_time":410512,"minecraft:deaths":1,"minecraft:jump":3079,"minecraft:walk_on_water_one_cm":24078,"minecraft:interact_with_furnace":129,"minecraft:sleep_in_bed":35,"minecraft:damage_dealt":11882,"minecraft:crouch_one_cm":5568,"minecraft:interact_with_smoker":1,"minecraft:interact_with_smithing_table":23,"minecraft:mob_kills":90,"minecraft:climb_one_cm":5691,"minecraft:walk_one_cm":1040794,"minecraft:sneak_time":3161,"minecraft:walk_under_water_one_cm":13837,"minecraft:total_world_time":410512,"minecraft:interact_with_stonecutter":3,"minecraft:open_copper_chest":144,"minecraft:time_since_rest":12503,"minecraft:damage_taken":1218,"minecraft:swim_one_cm":1038,"minecraft:fly_one_cm":701382,"minecraft:open_iron_chest":173,"minecraft:fall_one_cm":57850},"minecraft:crafted":{"minecraft:brick":74,"tconstruct:cast_chest":1,"minecraft:oak_planks":120,"createastral:bronze_ingot":10,"minecraft:cooked_chicken":17,"createaddition:rolling_mill":1,"tconstruct:broad_blade":1,"tconstruct:pick_head":2,"minecraft:stone":8,"tconstruct:tool_binding":1,"minecraft:cooked_mutton":11,"createastral:bronze_block":3,"tconstruct:seared_melter":1,"create:vertical_gearbox":2,"minecraft:glass":2,"minecraft:raw_copper":574,"tconstruct:broad_axe":2,"tconstruct:broad_axe_head":1,"tconstruct:seared_brick":104,"techreborn:treetap":1,"minecraft:chest":3,"tconstruct:small_axe_head":3,"minecraft:bricks":16,"create:cogwheel":9,"minecraft:oak_fence":21,"tconstruct:tough_handle":2,"farmersdelight:stove":1,"tconstruct:small_blade":1,"minecraft:crafting_table":1,"tconstruct:coin_cast":1,"tconstruct:tool_handle":4,"minecraft:copper_ingot":371,"minecraft:campfire":1,"create:encased_chain_drive":1,"create:mechanical_mixer":1,"tconstruct:scythe":1,"create:gearbox":5,"minecraft:stick":100,"minecraft:iron_ingot":148,"minecraft:gold_ingot":48,"create:large_cogwheel":2,"tconstruct:vein_hammer":2,"tconstruct:cleaver":1,"tconstruct:large_plate":2,"doodads:platform":16,"tconstruct:pickaxe":3,"tconstruct:pattern":30,"minecraft:coal":180,"tconstruct:part_builder":1,"minecraft:iron_nugget":9,"techreborn:tin_storage_block":3,"tconstruct:round_plate":3,"minecraft:furnace":1,"tconstruct:repair_kit":1,"tconstruct:seared_basin":1,"tconstruct:tinker_station":2,"techreborn:tin_ingot":112,"minecraft:slime_ball":45,"tconstruct:seared_table":1,"astraladditions:ring_gold_cast":1,"create:fluid_tank":1,"minecraft:redstone_block":7,"create:basin":1,"minecraft:cooked_beef":49,"minecraft:red_dye":4,"create:andesite_alloy":191,"tconstruct:tinkers_anvil":1,"tconstruct:excavator":1,"create:goggles":2,"create:large_water_wheel":1,"tconstruct:hammer_head":1,"minecraft:air":0,"minecraft:jungle_planks":68,"tconstruct:seared_heater":1,"create:whisk":1,"tconstruct:seared_faucet":3,"minecraft:stonecutter":1,"create:shaft":16,"minecraft:torch":428,"create:zinc_ingot":62,"tconstruct:mattock":4,"tconstruct:sledge_hammer":3},"minecraft:used":{"kubejs:shimmer_bucket":1,"farmersdelight:stove":1,"vinery:apple_pie":1,"create:cogwheel":11,"create:depot":1,"minecraft:tuff":3,"packages:package_maker":1,"extended_drawers:quad_drawer":4,"minecraft:grass_block":11,"tconstruct:seared_faucet":5,"tconstruct:broad_axe":1,"create:millstone":1,"packages:package":8,"tconstruct:tinkers_anvil":1,"create:shaft":16,"minecraft:furnace":2,"sniffer:sniffer_egg":1,"travelersbackpack:spider":2,"reinfchest:iron_chest":1,"minecraft:diorite":8,"mcdw:sword_freezing_foil":8,"minecraft:clay":21,"createaddition:rolling_mill":4,"farmersdelight:rice":4,"minecraft:redstone_torch":4,"extended_drawers:lock":8,"techreborn:rubber_log":2,"tconstruct:scythe":1,"create:adjustable_chain_gearshift":2,"minecraft:gravel":73,"vinery:apple_pie_slice":4,"create:basin":2,"tconstruct:crafting_station":1,"minecraft:grindstone":1,"minecraft:smithing_table":1,"create:stressometer":1,"create:vertical_gearbox":15,"minecraft:bone_meal":8,"create:large_cogwheel":4,"minecraft:oak_fence":25,"extended_drawers:double_drawer":1,"reinfchest:copper_chest":7,"minecraft:cooked_chicken":4,"minecraft:torch":379,"minecraft:dirt":67,"minecraft:spyglass":7,"create:mechanical_mixer":6,"tconstruct:seared_bricks":1,"doodads:platform":12,"extended_drawers:connector":3,"minecraft:oak_fence_gate":1,"tconstruct:seared_heater":1,"create:gearbox":17,"create:wrench":45,"minecraft:iron_axe":40,"minecraft:jungle_log":10,"tconstruct:tinker_station":2,"create:encased_chain_drive":6,"createaddition:honey_cake":1,"tconstruct:cast_chest":1,"tconstruct:part_builder":2,"minecraft:cooked_beef":4,"minecraft:cobbled_deepslate":5,"minecraft:cooked_mutton":11,"minecraft:water_bucket":16,"extended_drawers:single_drawer":5,"minecraft:stonecutter":1,"minecraft:crafting_table":1,"minecraft:white_bed":1,"tconstruct:seared_basin":1,"techreborn:rubber_sapling":64,"minecraft:cake":1,"farmersdelight:smoked_ham":1,"minecraft:apple":4,"create:mechanical_press":5,"farmersdelight:stuffed_potato":1,"minecraft:chicken":2,"tconstruct:seared_table":5,"minecraft:iron_pickaxe":250,"create:water_wheel":5,"create:large_water_wheel":2,"minecraft:cobblestone":108,"tconstruct:seared_melter":1,"travelersbackpack:standard":25,"farmersdelight:egg_sandwich":1,"minecraft:bucket":17,"create:hand_crank":3,"farmersdelight:fruit_salad":1},"minecraft:killed":{"minecraft:spider":7,"minecraft:skeleton":11,"minecraft:chicken":19,"minecraft:pig":8,"minecraft:creeper":1,"minecraft:sheep":8,"minecraft:zombie":11,"minecraft:cow":20,"vinery:mule":2,"vinery:wandering_winemaker":1,"naturalist:bear":1},"minecraft:dropped":{"minecraft:lapis_lazuli":3,"minecraft:diamond":1,"vinery:white_grape_seeds":13,"minecraft:flint":3,"minecraft:emerald":2,"minecraft:dirt":4,"minecraft:large_fern":1,"extended_drawers:lock":2,"minecraft:mutton":4,"minecraft:jungle_sapling":2,"minecraft:gold_nugget":1,"create:iron_sheet":2,"ftbquests:book":1,"minecraft:white_wool":22,"extended_drawers:single_drawer":1,"minecraft:gold_ingot":1,"vinery:red_grape_seeds":12,"minecraft:gravel":142,"tconstruct:pickaxe":1,"tconstruct:broad_blade":1,"extended_drawers:double_drawer":1,"minecraft:wheat":12,"minecraft:rotten_flesh":12,"minecraft:fern":1,"tconstruct:sledge_hammer":1,"campanion:leather_pouch":2,"minecraft:melon_seeds":1,"tconstruct:hammer_head":1,"create:wrench":2,"minecraft:arrow":1,"minecraft:beef":4,"tconstruct:cast_chest":1,"create:andesite_alloy":76,"minecraft:egg":1,"minecraft:iron_ingot":3,"minecraft:bread":6,"minecraft:wheat_seeds":38,"minecraft:cobblestone":64,"minecraft:grass_block":1,"minecraft:coal":7,"minecraft:stick":36,"techreborn:rubber_log":195,"minecraft:diorite":9,"tconstruct:broad_axe_head":1,"mcdw:dagger_dagger":2,"minecraft:melon_slice":17,"travelersbackpack:spider":2,"farmersdelight:bacon":9,"minecraft:iron_axe":1,"minecraft:music_disc_cat":1,"minecraft:smooth_basalt":3,"techreborn:sap":11,"minecraft:moss_carpet":1,"create:ochrum":19,"minecraft:raw_copper":398,"minecraft:cocoa_beans":3,"adoptafloppa:orca_item":1,"createastral:bronze_ingot":3,"minecraft:tall_grass":1,"create:copper_sheet":1,"doodads:platform":16,"packages:package_maker":1,"farmersdelight:flint_knife":1,"extended_drawers:connector":1,"create:zinc_ingot":64,"minecraft:andesite":7,"minecraft:oak_sapling":28,"extended_drawers:quad_drawer":1,"tconstruct:seared_brick":52,"createaddition:gold_rod":1,"minecraft:slime_ball":4,"farmersdelight:ham":1,"minecraft:calcite":1,"minecraft:black_wool":3},"minecraft:picked_up":{"techreborn:raw_tin":112,"tconstruct:cast_chest":1,"tconstruct:broad_axe_head":1,"minecraft:lead":2,"vinery:red_grape_seeds":24,"create:wrench":2,"travelersbackpack:spider":2,"minecraft:music_disc_cat":1,"minecraft:string":9,"minecraft:raw_copper":241,"create:water_wheel":2,"tconstruct:ingot_cast":1,"create:mechanical_press":4,"minecraft:cobbled_deepslate":122,"reinfchest:copper_chest":3,"minecraft:redstone_torch":3,"minecraft:calcite":1,"tconstruct:broad_blade":1,"techreborn:rubber_log":265,"minecraft:stick":165,"create:mechanical_mixer":5,"doodads:platform":27,"packages:package_maker":1,"minecraft:oak_fence":1,"minecraft:torch":11,"create:andesite_casing":9,"minecraft:porkchop":13,"tconstruct:seared_faucet":3,"minecraft:diorite":105,"extended_drawers:quad_drawer":5,"extended_drawers:connector":4,"create:large_cogwheel":2,"createaddition:gold_rod":1,"minecraft:rotten_flesh":11,"tconstruct:large_plate_cast":1,"create:ochrum":19,"tconstruct:spider_head":1,"minecraft:cobblestone":954,"tconstruct:seared_bricks":1,"minecraft:birch_log":64,"minecraft:feather":20,"farmersdelight:rice":1,"campanion:leather_pouch":1,"minecraft:andesite":555,"minecraft:jungle_log":119,"createastral:bronze_sheet":3,"minecraft:flint":14,"minecraft:tuff":3,"create:raw_zinc":102,"minecraft:stripped_birch_log":6,"minecraft:dirt":174,"create:encased_chain_drive":7,"vinery:apple_pie_slice":4,"minecraft:bone":5,"minecraft:wheat_seeds":97,"minecraft:raw_gold":12,"minecraft:grindstone":1,"tconstruct:seared_table":4,"create:shaft":9,"extended_drawers:single_drawer":6,"create:cogwheel":7,"tconstruct:hammer_head":1,"extractinator:silt":2,"techreborn:rubber_sapling":130,"minecraft:diamond":4,"minecraft:granite":33,"minecraft:oak_sapling":38,"create:stressometer":1,"minecraft:cocoa_beans":3,"minecraft:chicken":19,"minecraft:clay_ball":84,"vinery:apple_pie":1,"createaddition:rolling_mill":3,"minecraft:moss_carpet":1,"minecraft:iron_axe":1,"minecraft:beef":49,"create:basin":1,"minecraft:jungle_sapling":12,"minecraft:poppy":4,"minecraft:light_gray_wool":2,"minecraft:birch_sapling":16,"minecraft:raw_copper_block":14,"minecraft:egg":12,"extended_drawers:double_drawer":2,"minecraft:raw_iron":162,"tconstruct:pickaxe":1,"create:hand_crank":3,"minecraft:redstone":186,"create:zinc_ingot":4,"create:vertical_gearbox":15,"minecraft:tnt":1,"minecraft:arrow":12,"tconstruct:tinker_station":1,"vinery:white_grape_seeds":23,"minecraft:mutton":11,"extended_drawers:lock":2,"minecraft:white_wool":5,"create:iron_sheet":2,"minecraft:glow_ink_sac":2,"tconstruct:part_builder":1,"minecraft:leather":17,"minecraft:oak_log":30,"create:andesite_alloy":4,"minecraft:apple":8,"tconstruct:sledge_hammer":1,"create:adjustable_chain_gearshift":1,"minecraft:iron_ingot":2,"mcdw:dagger_dagger":1,"minecraft:smooth_basalt":3,"create:large_water_wheel":1,"minecraft:gravel":184,"minecraft:spider_eye":6,"create:gearbox":8,"packages:package":4,"travelersbackpack:standard":5,"adoptafloppa:orca_item":1,"tconstruct:pattern":24,"minecraft:coal":99},"minecraft:mined":{"create:deepslate_zinc_ore":38,"reinfchest:copper_chest":3,"tconstruct:tinker_station":1,"create:andesite_casing":9,"minecraft:jungle_leaves":4,"tconstruct:seared_bricks":1,"minecraft:granite":34,"minecraft:grass_block":135,"minecraft:jungle_log":119,"extended_drawers:double_drawer":1,"tconstruct:seared_table":4,"minecraft:cobbled_deepslate":2,"minecraft:iron_ore":118,"create:mechanical_press":4,"minecraft:deepslate_redstone_ore":41,"create:cogwheel":7,"tconstruct:part_builder":1,"extended_drawers:connector":3,"create:adjustable_chain_gearshift":1,"minecraft:clay":21,"minecraft:torch":3,"minecraft:calcite":1,"minecraft:poppy":4,"farmersdelight:rice_crop":1,"minecraft:cobblestone":3,"minecraft:grindstone":1,"minecraft:wall_torch":1,"create:large_water_wheel":1,"create:basin":1,"tconstruct:seared_faucet":3,"minecraft:birch_log":64,"create:mechanical_mixer":5,"minecraft:grass":665,"minecraft:oak_log":30,"create:hand_crank":1,"create:stressometer":1,"minecraft:dirt":40,"create:encased_chain_drive":3,"minecraft:smooth_basalt":4,"minecraft:oak_leaves":16,"minecraft:deepslate":89,"techreborn:rubber_sapling":6,"create:zinc_ore":59,"minecraft:deepslate_diamond_ore":3,"packages:package":4,"minecraft:stripped_birch_log":7,"create:large_cogwheel":2,"createaddition:rolling_mill":3,"create:shaft":9,"minecraft:andesite":569,"minecraft:deepslate_iron_ore":46,"minecraft:vine":3,"minecraft:stone":870,"minecraft:redstone_wall_torch":1,"extended_drawers:single_drawer":5,"travelersbackpack:standard":5,"minecraft:oak_fence":1,"doodads:platform":12,"create:water_wheel":2,"minecraft:copper_ore":64,"minecraft:deepslate_coal_ore":6,"minecraft:deepslate_gold_ore":5,"minecraft:diorite":105,"techreborn:tin_ore":112,"create:gearbox":23,"minecraft:redstone_torch":2,"extended_drawers:quad_drawer":4,"farmersdelight:rice_upper_crop":1,"minecraft:coal_ore":93,"minecraft:cocoa":1,"minecraft:gravel":198,"minecraft:gold_ore":7,"techreborn:rubber_log":265,"minecraft:fern":245},"minecraft:broken":{"minecraft:iron_pickaxe":1,"techreborn:treetap":4}},"DataVersion":2975}