{"stats":{"minecraft:killed_by":{"minecraft:ravager":4,"minecraft:vindicator":1,"minecraft:player":2,"minecraft:skeleton":2},"minecraft:mined":{"create:deepslate_zinc_ore":131,"reinfchest:copper_chest":4,"minecraft:white_bed":1,"create:copper_casing":1,"tconstruct:tinker_station":1,"create:andesite_casing":1,"minecraft:obsidian":8,"minecraft:granite":25,"minecraft:grass_block":245,"minecraft:jungle_log":24,"tconstruct:seared_table":1,"minecraft:iron_ore":60,"minecraft:cobbled_deepslate":1,"minecraft:barrel":2,"tconstruct:seared_melter":1,"minecraft:deepslate_lapis_ore":3,"minecraft:white_banner":6,"minecraft:player_head":1,"create:mechanical_press":1,"minecraft:deepslate_redstone_ore":85,"tconstruct:part_builder":1,"minecraft:player_wall_head":3,"tconstruct:tinkers_anvil":1,"tconstruct:rose_gold_block":3,"minecraft:clay":3,"minecraft:torch":2,"minecraft:blast_furnace":5,"minecraft:poppy":9,"minecraft:melon":2,"minecraft:cobblestone":8,"minecraft:cyan_bed":2,"minecraft:grindstone":2,"minecraft:damaged_anvil":1,"create:large_water_wheel":2,"tconstruct:seared_faucet":2,"minecraft:lilac":19,"minecraft:copper_block":1,"minecraft:grass":12,"minecraft:sand":4,"minecraft:oak_fence_gate":1,"tconstruct:seared_heater":1,"minecraft:dirt":491,"tconstruct:crafting_station":1,"another_furniture:dark_oak_bench":1,"minecraft:stonecutter":1,"minecraft:oak_leaves":18,"minecraft:deepslate":359,"create:zinc_ore":50,"create:copper_backtank":1,"minecraft:tuff":3,"trashcans:item_trash_can":1,"minecraft:deepslate_diamond_ore":9,"farmersdelight:wild_carrots":4,"create:depot":1,"minecraft:moss_block":4,"tconstruct:cast_chest":1,"minecraft:furnace":3,"minecraft:andesite":9,"minecraft:polished_deepslate":4,"minecraft:deepslate_iron_ore":25,"minecraft:vine":26,"minecraft:stone":96,"minecraft:white_wool":2,"reinfchest:gold_chest":1,"minecraft:smithing_table":1,"minecraft:dandelion":9,"minecraft:oak_fence":11,"minecraft:crafting_table":1,"tconstruct:seared_basin":2,"reinfchest:iron_chest":3,"minecraft:rose_bush":14,"minecraft:copper_ore":23,"minecraft:lapis_ore":4,"minecraft:deepslate_gold_ore":38,"minecraft:diorite":1,"minecraft:blue_bed":1,"techreborn:tin_ore":8,"create:water_wheel_structure":7,"minecraft:birch_planks":7,"minecraft:coal_ore":101,"vinery:wine_bottle":1,"minecraft:gravel":74,"minecraft:cobweb":1,"minecraft:small_dripleaf":1,"techreborn:rubber_log":102,"minecraft:fern":3,"packages:package_maker":1},"minecraft:crafted":{"minecraft:cooked_chicken":3,"createastral:bronze_block":1,"tconstruct:broad_axe":2,"minecraft:chest":1,"minecraft:copper_block":31,"reinfchest:iron_chest":3,"minecraft:magenta_dye":38,"reinfchest:copper_chest":3,"minecraft:copper_ingot":260,"create:sand_paper":9,"minecraft:gold_block":12,"minecraft:birch_planks":204,"create:mechanical_mixer":1,"tconstruct:scythe":1,"farmersdelight:fried_rice":1,"create:gearbox":1,"createastral:andesite_alloy_block":24,"create:water_wheel":11,"minecraft:yellow_dye":5,"tconstruct:rose_gold_ingot":27,"minecraft:iron_ingot":108,"minecraft:iron_block":38,"minecraft:gold_ingot":38,"tconstruct:vein_hammer":2,"tconstruct:cleaver":2,"tconstruct:pickaxe":3,"techreborn:tin_storage_block":16,"techreborn:tin_ingot":34,"minecraft:redstone_block":40,"create:basin":1,"minecraft:red_dye":46,"minecraft:coal_block":23,"create:andesite_alloy":108,"reinfchest:gold_chest":3,"tconstruct:excavator":2,"minecraft:cyan_bed":1,"create:large_water_wheel":12,"minecraft:bread":9,"minecraft:blue_dye":1,"create:zinc_block":31,"create:zinc_ingot":186,"minecraft:lapis_block":7,"tconstruct:sledge_hammer":2},"minecraft:broken":{"createastral:copper_helmet":1,"create:sand_paper":8},"minecraft:custom":{"lootr:looted_stat":30,"minecraft:interact_with_crafting_table":56,"minecraft:open_barrel":9,"minecraft:eat_cake_slice":6,"minecraft:leave_game":7,"minecraft:time_since_death":127080,"minecraft:sprint_one_cm":1144435,"minecraft:drop":349,"minecraft:play_time":448974,"minecraft:deaths":9,"minecraft:jump":5927,"minecraft:walk_on_water_one_cm":33005,"minecraft:interact_with_furnace":103,"minecraft:interact_with_loom":1,"minecraft:sleep_in_bed":31,"minecraft:damage_dealt":16759,"minecraft:crouch_one_cm":549,"minecraft:interact_with_smithing_table":2,"minecraft:mob_kills":75,"minecraft:interact_with_campfire":29,"minecraft:climb_one_cm":11729,"minecraft:walk_one_cm":1351919,"minecraft:raid_win":2,"minecraft:sneak_time":2145,"minecraft:walk_under_water_one_cm":18616,"minecraft:interact_with_blast_furnace":60,"minecraft:total_world_time":448974,"minecraft:raid_trigger":1,"minecraft:interact_with_stonecutter":1,"minecraft:open_copper_chest":153,"minecraft:time_since_rest":10813,"minecraft:damage_taken":6647,"minecraft:open_gold_chest":31,"minecraft:swim_one_cm":7567,"minecraft:fly_one_cm":903004,"minecraft:open_chest":2,"minecraft:open_iron_chest":175,"minecraft:fall_one_cm":126641},"minecraft:used":{"minecraft:moss_block":1,"tconstruct:grout":1,"minecraft:polished_deepslate":9,"trashcans:item_trash_can":1,"minecraft:player_head":8,"minecraft:tuff":1,"minecraft:jungle_sapling":1,"packages:package_maker":1,"farmersdelight:fried_rice":1,"tconstruct:spider_head":1,"tconstruct:seared_faucet":2,"tconstruct:broad_axe":1,"tconstruct:rose_gold_block":3,"tconstruct:tinkers_anvil":1,"create:shaft":19,"minecraft:furnace":4,"mcdw:dagger_dagger":5,"minecraft:skeleton_skull":2,"reinfchest:iron_chest":3,"minecraft:damaged_anvil":1,"minecraft:oak_planks":2,"doodads:asphalt":28,"mcdw:sword_freezing_foil":12,"minecraft:blue_bed":1,"minecraft:white_wool":2,"minecraft:blast_furnace":5,"minecraft:crossbow":1,"create:copper_backtank":2,"minecraft:melon_slice":11,"minecraft:bread":58,"minecraft:cyan_bed":3,"create:andesite_casing":1,"minecraft:gravel":3,"create:basin":1,"minecraft:smithing_table":1,"tconstruct:crafting_station":1,"minecraft:grindstone":2,"create:vertical_gearbox":1,"create:large_cogwheel":1,"minecraft:experience_bottle":2,"minecraft:armor_stand":2,"reinfchest:copper_chest":6,"minecraft:cooked_chicken":3,"minecraft:torch":7,"minecraft:spyglass":1,"minecraft:dirt":230,"create:mechanical_mixer":1,"create:copper_casing":1,"tconstruct:seared_heater":1,"minecraft:jungle_log":1,"tconstruct:tinker_station":1,"create:brown_toolbox":1,"tconstruct:cast_chest":1,"farmersdelight:cooked_mutton_chops":3,"tconstruct:part_builder":1,"minecraft:cooked_beef":6,"minecraft:cobbled_deepslate":38,"minecraft:cooked_mutton":2,"minecraft:water_bucket":7,"minecraft:birch_planks":7,"minecraft:copper_block":1,"minecraft:stonecutter":1,"reinfchest:gold_chest":4,"minecraft:crafting_table":2,"minecraft:white_bed":1,"tconstruct:seared_basin":2,"minecraft:cake":1,"tconstruct:seared_table":1,"create:water_wheel":3,"create:large_water_wheel":15,"minecraft:cobblestone":11,"tconstruct:seared_melter":1,"travelersbackpack:standard":2,"minecraft:white_banner":2,"minecraft:cooked_porkchop":18,"minecraft:bucket":15},"minecraft:killed":{"minecraft:spider":3,"minecraft:skeleton":19,"minecraft:zombie_villager":1,"minecraft:creeper":1,"minecraft:pillager":17,"minecraft:zombie":27,"minecraft:vindicator":5,"minecraft:ravager":1},"minecraft:dropped":{"minecraft:moss_block":3,"packages:package":4,"create:millstone":1,"tconstruct:encyclopedia":1,"minecraft:cooked_porkchop":1,"minecraft:crossbow":2,"create:cogwheel":1,"create:fluid_tank":9,"minecraft:saddle":1,"create:large_water_wheel":1,"mcdw:sword_freezing_foil":1,"minecraft:flint":5,"create:copper_diving_helmet":1,"tconstruct:tinker_station":1,"minecraft:dirt":528,"tconstruct:vein_hammer":2,"kubejs:compound_mixture_bucket":2,"tconstruct:materials_and_you":1,"minecraft:yellow_dye":5,"create:copper_backtank":1,"createastral:copper_leggings":1,"minecraft:jungle_sapling":6,"minecraft:chain":24,"minecraft:sand":4,"create:goggles":4,"minecraft:white_wool":4,"tconstruct:rose_gold_block":1,"minecraft:bone":4,"vinery:red_grape_seeds":3,"tconstruct:travelers_leggings":1,"tconstruct:pattern":1,"minecraft:gravel":306,"tconstruct:pickaxe":2,"minecraft:cobbled_deepslate":750,"minecraft:wheat":1,"minecraft:rotten_flesh":27,"techreborn:treetap":1,"tconstruct:cleaver":2,"minecraft:carrot":2,"tconstruct:grout":79,"minecraft:poppy":5,"tconstruct:pick_head":1,"minecraft:oak_fence_gate":1,"minecraft:gunpowder":2,"create:gearbox":7,"minecraft:jungle_log":4,"create:depot":2,"minecraft:arrow":11,"create:water_wheel":3,"create:mechanical_press":2,"create:andesite_alloy":90,"create:basin":1,"create:mechanical_mixer":1,"create:unprocessed_obsidian_sheet":5,"minecraft:wheat_seeds":28,"tconstruct:seared_table":1,"create:polished_rose_quartz":10,"mcdw:dagger_chill_gale_knife":2,"minecraft:oak_fence":14,"minecraft:cobblestone":80,"minecraft:granite":29,"minecraft:coal":32,"minecraft:stick":4,"create:andesite_casing":5,"create:brass_hand":1,"doodads:asphalt":64,"minecraft:diorite":1,"tconstruct:travelers_helmet":1,"minecraft:torch":2,"techreborn:rubber":64,"create:copper_diving_boots":1,"mcdw:axe_firebrand":1,"minecraft:zombie_head":4,"create:railway_casing":1,"minecraft:white_banner":10,"minecraft:red_dye":46,"createaddition:rolling_mill":1,"minecraft:string":7,"minecraft:bucket":4,"create:copper_casing":1,"minecraft:dandelion":4,"tconstruct:part_builder":1,"create:clutch":3,"minecraft:redstone":6,"createastral:copper_helmet":1,"tconstruct:rose_gold_ingot":9,"techreborn:sap":4,"tconstruct:tinkers_gadgetry":1,"minecraft:player_head":5,"minecraft:cocoa_beans":2,"minecraft:tuff":9,"create:encased_chain_drive":7,"minecraft:clay_ball":12,"doodads:platform":23,"createastral:copper_boots":1,"create:zinc_ingot":14,"tconstruct:travelers_boots":1,"minecraft:andesite":9,"create:deployer":1,"minecraft:oak_sapling":1,"create:hand_crank":1,"minecraft:barrel":2,"tconstruct:seared_brick":7,"minecraft:spider_eye":3,"tconstruct:travelers_chestplate":1,"minecraft:magenta_dye":38,"minecraft:bow":1,"minecraft:raw_gold":17},"minecraft:picked_up":{"techreborn:raw_tin":16,"tconstruct:cast_chest":1,"minecraft:smithing_table":1,"minecraft:lead":2,"vinery:red_grape_seeds":7,"create:wrench":1,"techreborn:treetap":3,"create:copper_diving_boots":3,"createastral:sturdy_boots":1,"createastral:sturdy_leggings":1,"minecraft:amethyst_block":28,"tconstruct:broad_axe_head_cast":1,"minecraft:polished_deepslate":1,"minecraft:string":7,"minecraft:raw_copper":89,"minecraft:armor_stand":2,"minecraft:zombie_head":4,"create:unprocessed_obsidian_sheet":5,"create:water_wheel":4,"create:sand_paper":2,"minecraft:cobbled_deepslate":788,"create:mechanical_press":2,"minecraft:bucket":5,"minecraft:red_dye":3,"reinfchest:copper_chest":6,"create:sturdy_sheet":14,"create:whisk":1,"minecraft:rose_bush":21,"minecraft:redstone_torch":5,"railways:track_monorail":4,"techreborn:rubber_log":85,"minecraft:melon_slice":11,"minecraft:coal_block":39,"railways:track_phantom":4,"minecraft:furnace":4,"create:train_door":3,"minecraft:stick":24,"create:mechanical_mixer":1,"doodads:platform":23,"packages:package_maker":2,"minecraft:oak_fence":14,"minecraft:torch":23,"create:andesite_casing":20,"minecraft:dried_kelp":5,"tconstruct:seared_faucet":6,"minecraft:diorite":1,"extended_drawers:quad_drawer":2,"createaddition:gold_rod":4,"extended_drawers:connector":2,"create:large_cogwheel":1,"sniffer:sniffer_egg":1,"tconstruct:sky_slime_crystal":8,"minecraft:rotten_flesh":29,"create:copper_casing":2,"create:track":124,"createastral:copper_helmet":2,"minecraft:blue_dye":1,"tconstruct:spider_head":1,"minecraft:obsidian":14,"createastral:bronze_ingot":2,"minecraft:cobblestone":91,"minecraft:nautilus_shell":10,"mcdw:hammer_flail":1,"minecraft:lilac":19,"minecraft:cooked_beef":2,"create:fluid_tank":18,"minecraft:andesite":9,"minecraft:jungle_log":4,"mcdw:staff_battlestaff":2,"minecraft:copper_block":1,"techreborn:tin_ingot":8,"vinery:white_grapejuice_wine_bottle":2,"tconstruct:pick_head":2,"minecraft:flint":5,"minecraft:tuff":10,"create:raw_zinc":173,"trashcans:item_trash_can":1,"minecraft:lapis_lazuli":47,"minecraft:dirt":657,"createastral:andesite_compound":3,"create:encased_chain_drive":14,"minecraft:bone":14,"tconstruct:rose_gold_ingot":14,"travelersbackpack:backpack_tank":2,"minecraft:stonecutter":1,"tconstruct:rose_gold_block":3,"minecraft:bow":1,"minecraft:wheat_seeds":55,"doodads:asphalt":92,"minecraft:raw_gold":55,"minecraft:grindstone":2,"create:goggles":5,"tconstruct:mattock":1,"tconstruct:seared_table":2,"create:shaft":35,"farmersdelight:egg_sandwich":1,"minecraft:moss_block":4,"create:super_glue":4,"minecraft:oak_planks":15,"mcdw:axe_firebrand":1,"extended_drawers:shadow_drawer":1,"mcdw:dagger_chill_gale_knife":1,"minecraft:cooked_porkchop":17,"farmersdelight:stuffed_pumpkin_block":1,"tconstruct:ingot_sand_cast":3,"create:cogwheel":23,"minecraft:sand":4,"create:track_signal":16,"create:steam_whistle":1,"minecraft:grass_block":8,"minecraft:cyan_bed":2,"techreborn:rubber":78,"techreborn:rubber_sapling":135,"minecraft:barrel":3,"farmersdelight:cooked_mutton_chops":3,"createastral:sturdy_helmet":1,"minecraft:clay":43,"minecraft:slime_block":1,"minecraft:diamond":10,"tconstruct:seared_basin":3,"minecraft:lever":5,"minecraft:granite":29,"minecraft:crossbow":3,"createastral:copper_leggings":1,"minecraft:emerald":2,"minecraft:bread":7,"tconstruct:silky_cloth":5,"createastral:copper_boots":1,"minecraft:oak_sapling":1,"tconstruct:travelers_chestplate":2,"minecraft:andesite_slab":3,"create:copper_sheet":6,"minecraft:cocoa_beans":13,"tconstruct:crafting_station":1,"minecraft:crafting_table":2,"kubejs:compound_mixture_bucket":2,"minecraft:clay_ball":15,"tconstruct:materials_and_you":3,"tconstruct:tinkers_anvil":2,"minecraft:gold_block":3,"tconstruct:travelers_helmet":2,"createaddition:rolling_mill":1,"minecraft:chain":18,"createaddition:iron_rod":2,"minecraft:brick":10,"create:fluid_pipe":18,"tconstruct:cleaver":2,"minecraft:player_head":4,"create:basin":1,"minecraft:jungle_sapling":23,"minecraft:poppy":9,"tconstruct:encyclopedia":2,"minecraft:chest":2,"minecraft:birch_sapling":27,"create:clutch":6,"extended_drawers:double_drawer":2,"minecraft:raw_iron":92,"create:railway_casing":8,"minecraft:copper_ingot":26,"tconstruct:pickaxe":3,"copycats:copycat_block":8,"create:copper_backtank":5,"create:hand_crank":2,"create:powdered_obsidian":75,"minecraft:carrot":2,"mcdw:sword_freezing_foil":1,"minecraft:redstone":366,"create:zinc_ingot":11,"railways:track_tieless":4,"create:vertical_gearbox":3,"create:deployer":2,"minecraft:tnt":1,"vinery:gloves":1,"minecraft:arrow":39,"tconstruct:grout":40,"vinery:white_grape_seeds":7,"tconstruct:tinker_station":2,"create:depot":2,"minecraft:saddle":4,"tconstruct:puny_smelting":3,"minecraft:glow_berries":1,"extended_drawers:lock":2,"minecraft:skeleton_skull":2,"create:iron_sheet":5,"tconstruct:travelers_boots":2,"tconstruct:part_builder":2,"minecraft:birch_planks":6,"tconstruct:travelers_leggings":2,"create:andesite_alloy":63,"tconstruct:tool_handle":1,"minecraft:gunpowder":4,"minecraft:blue_bed":1,"tconstruct:sky_slime_crystal_block":2,"mcdw:sickle_nightmares_bite":1,"minecraft:white_banner":12,"techreborn:sap":8,"tconstruct:seared_brick":190,"minecraft:cooked_mutton":2,"vinery:wine_bottle":2,"tconstruct:seared_heater":2,"create:metal_girder":48,"minecraft:oak_fence_gate":1,"createastral:copper_chestplate":1,"minecraft:iron_ingot":8,"minecraft:cooked_chicken":6,"reinfchest:gold_chest":1,"mcdw:dagger_dagger":1,"travelersbackpack:blank_upgrade":2,"tconstruct:tinkers_gadgetry":2,"create:large_water_wheel":4,"minecraft:dandelion":9,"minecraft:spyglass":2,"minecraft:gravel":351,"mcdw:sword_heartstealer":1,"minecraft:blast_furnace":5,"minecraft:white_bed":1,"tconstruct:vein_hammer":2,"minecraft:spider_eye":3,"vinery:red_grapejuice_wine_bottle":2,"create:copper_diving_helmet":3,"packages:package":8,"travelersbackpack:standard":2,"create:brass_hand":2,"create:millstone":2,"minecraft:slime_ball":33,"reinfchest:iron_chest":4,"create:mechanical_pump":1,"create:rose_quartz":10,"tconstruct:seared_melter":2,"adoptafloppa:orca_item":1,"tconstruct:pattern":7,"minecraft:damaged_anvil":1,"minecraft:coal":137}},"DataVersion":2975}