{"stats":{"minecraft:mined":{"reinfchest:copper_chest":13,"minecraft:white_bed":1,"create:andesite_casing":12,"tconstruct:sky_slime_crystal_block":2,"minecraft:jungle_leaves":4,"minecraft:obsidian":162,"minecraft:granite":46,"minecraft:jungle_log":299,"minecraft:spawner":1,"minecraft:cobbled_deepslate":6,"tconstruct:seared_melter":1,"minecraft:deepslate_lapis_ore":5,"create:mechanical_press":8,"create:limestone":41,"railways:track_monorail":4,"cookingforblockheads:oven":1,"vinery:cherry_wine":1,"create:cogwheel":27,"tconstruct:part_builder":3,"extended_drawers:connector":3,"minecraft:torch":7,"minecraft:blast_furnace":2,"farmersdelight:rice_crop":1,"create:train_door":5,"chipped:deepslate_40":2,"minecraft:damaged_anvil":1,"minecraft:amethyst_block":18,"minecraft:skeleton_skull":1,"create:basin":3,"tconstruct:seared_faucet":5,"minecraft:wheat":236,"create:mechanical_mixer":11,"minecraft:grass":1033,"create:hand_crank":1,"create:stressometer":10,"another_furniture:dark_oak_bench":1,"minecraft:smooth_basalt":4,"minecraft:stonecutter":2,"create:clutch":2,"create:railway_casing":39,"minecraft:deepslate":810,"techreborn:rubber_sapling":9,"create:zinc_ore":89,"create:copper_backtank":8,"create:millstone":4,"packages:package":19,"minecraft:dark_oak_log":1,"minecraft:stripped_birch_log":7,"minecraft:redstone_wire":9,"farmersdelight:wild_cabbages":6,"railways:track_tieless":1,"tconstruct:sky_slime_crystal_cluster":2,"doodads:asphalt":20,"create:shaft":37,"minecraft:jungle_sapling":4,"minecraft:andesite":1720,"minecraft:potatoes":1,"minecraft:vine":38,"create:deployer":4,"create:controls":4,"reinfchest:gold_chest":1,"cookingforblockheads:cooking_table":1,"minecraft:dandelion":29,"create:mechanical_pump":2,"doodads:platform":24,"create:water_wheel":8,"minecraft:tall_grass":3,"minecraft:copper_ore":119,"minecraft:deepslate_gold_ore":27,"minecraft:diorite":515,"cookingforblockheads:fridge":16,"create:water_wheel_structure":1,"farmersdelight:skillet":1,"minecraft:coarse_dirt":1,"techreborn:rubber_leaves":2,"create:gearbox":49,"minecraft:gravel":1126,"minecraft:gold_ore":7,"minecraft:fern":374,"packages:package_maker":2,"create:deepslate_zinc_ore":41,"tconstruct:tinker_station":3,"tconstruct:seared_bricks":1,"minecraft:grass_block":2081,"extended_drawers:double_drawer":1,"tconstruct:seared_table":8,"minecraft:raw_iron_block":1,"minecraft:iron_ore":154,"minecraft:deepslate_redstone_ore":178,"create:small_bogey":4,"create:adjustable_chain_gearshift":5,"minecraft:polished_deepslate_stairs":1,"tconstruct:tinkers_anvil":1,"minecraft:clay":126,"minecraft:calcite":3,"minecraft:poppy":59,"minecraft:chest":1,"minecraft:cobblestone":17,"minecraft:grindstone":1,"extractinator:silt":3,"minecraft:wall_torch":2,"create:large_water_wheel":5,"minecraft:birch_log":104,"create:spout":3,"minecraft:oak_log":71,"create:track_station":1,"minecraft:sand":1031,"minecraft:dirt":495,"tconstruct:crafting_station":1,"tconstruct:seared_heater":1,"create:encased_chain_drive":9,"create:crimsite":211,"minecraft:oak_leaves":21,"minecraft:tuff":80,"trashcans:item_trash_can":1,"farmersdelight:onions":1,"minecraft:deepslate_diamond_ore":13,"minecraft:lever":2,"create:large_cogwheel":20,"create:depot":5,"createaddition:rolling_mill":6,"tconstruct:grout":1,"minecraft:red_concrete_powder":1,"minecraft:furnace":4,"minecraft:carrots":2,"minecraft:polished_deepslate":25,"minecraft:deepslate_iron_ore":119,"minecraft:packed_ice":1,"minecraft:stone":1110,"minecraft:redstone_wall_torch":3,"farmersdelight:cooking_pot":2,"create:metal_girder":3,"extended_drawers:single_drawer":10,"create:track":3,"travelersbackpack:standard":5,"minecraft:oak_fence":14,"minecraft:crafting_table":2,"tconstruct:seared_basin":2,"reinfchest:iron_chest":2,"minecraft:rose_bush":1,"minecraft:andesite_slab":6,"minecraft:deepslate_coal_ore":6,"minecraft:lapis_ore":13,"extended_drawers:shadow_drawer":8,"techreborn:tin_ore":259,"farmersdelight:wild_beetroots":4,"minecraft:redstone_torch":9,"extended_drawers:quad_drawer":4,"farmersdelight:rice_upper_crop":1,"minecraft:coal_ore":510,"minecraft:cocoa":1,"techreborn:rubber_log":619},"minecraft:crafted":{"minecraft:black_dye":4,"minecraft:smooth_stone":5,"create:copper_diving_boots":2,"minecraft:birch_slab":18,"tconstruct:broad_blade":1,"tconstruct:pick_head":2,"minecraft:cooked_mutton":11,"createastral:bronze_block":3,"minecraft:red_concrete_powder":960,"tconstruct:seared_melter":1,"create:vertical_gearbox":2,"minecraft:glass":44,"cookingforblockheads:oven":1,"create:mechanical_press":2,"minecraft:magenta_concrete_powder":216,"tconstruct:broad_axe_head":1,"minecraft:iron_door":3,"create:cogwheel":9,"tconstruct:tough_handle":2,"minecraft:emerald":16,"create:rose_quartz":79,"minecraft:cooked_porkchop":20,"travelersbackpack:standard":2,"reinfchest:copper_chest":4,"tconstruct:tool_handle":4,"minecraft:copper_ingot":475,"minecraft:hay_block":95,"minecraft:campfire":1,"create:encased_chain_drive":1,"create:mechanical_mixer":1,"create:gearbox":9,"createastral:copper_boots":1,"minecraft:stone_slab":6,"minecraft:compass":1,"minecraft:iron_block":7,"minecraft:gold_ingot":78,"create:large_cogwheel":2,"tconstruct:cleaver":7,"createastral:copper_helmet":1,"tconstruct:large_plate":2,"doodads:platform":24,"cookingforblockheads:cooking_table":1,"minecraft:yellow_concrete_powder":136,"create:wrench":1,"tconstruct:part_builder":1,"minecraft:smooth_stone_slab":10,"minecraft:iron_nugget":9,"farmersdelight:raw_pasta":2,"minecraft:polished_deepslate_stairs":2,"tconstruct:repair_kit":1,"tconstruct:seared_basin":1,"minecraft:bone_meal":3,"create:copper_backtank":2,"dbe:track_end":1,"travelersbackpack:blank_upgrade":4,"travelersbackpack:gold_tier_upgrade":1,"tconstruct:tinker_station":2,"minecraft:terracotta":5,"techreborn:tin_ingot":246,"astraladditions:ring_gold_cast":1,"farmersdelight:rice":13,"minecraft:redstone_block":90,"minecraft:wheat":261,"vinery:cherry_wine":1,"reinfchest:gold_chest":1,"tconstruct:tinkers_anvil":1,"create:goggles":3,"minecraft:blue_bed":1,"minecraft:gray_concrete_powder":192,"createastral:sturdy_leggings":1,"farmersdelight:cooking_pot":1,"tconstruct:hammer_head":1,"minecraft:jungle_slab":6,"tconstruct:seared_heater":1,"createastral:sturdy_sheet_block":33,"minecraft:cobblestone":63,"tconstruct:silky_cloth":5,"extended_drawers:single_drawer":9,"minecraft:armor_stand":2,"create:shaft":16,"compressor:compressed_cobblestone":7,"tconstruct:mattock":4,"minecraft:brick":74,"create:track":223,"tconstruct:cast_chest":1,"minecraft:oak_planks":144,"minecraft:barrel":15,"createastral:bronze_ingot":100,"minecraft:cooked_chicken":25,"createaddition:rolling_mill":1,"travelersbackpack:hose_nozzle":1,"minecraft:stone":19,"tconstruct:tool_binding":1,"cookingforblockheads:fridge":2,"create:deployer":1,"create:sturdy_sheet":20,"minecraft:raw_copper":574,"tconstruct:broad_axe":5,"cookingforblockheads:recipe_book":1,"tconstruct:seared_brick":168,"farmersdelight:tomato_sauce":1,"techreborn:treetap":1,"minecraft:chest":15,"create:spout":1,"minecraft:copper_block":2,"tconstruct:small_axe_head":3,"createastral:copper_leggings":1,"minecraft:bricks":16,"reinfchest:iron_chest":6,"minecraft:oak_fence":21,"create:brass_hand":2,"create:track_station":2,"minecraft:raw_iron_block":8,"farmersdelight:stove":1,"tconstruct:small_blade":1,"farmersdelight:tomato_seeds":28,"minecraft:oak_slab":6,"create:depot":4,"createastral:copper_chestplate":1,"travelersbackpack:iron_tier_upgrade":1,"createastral:sturdy_chestplate":1,"minecraft:crafting_table":3,"create:fluid_pipe":10,"tconstruct:coin_cast":1,"create:zinc_nugget":1823,"create:sand_paper":1,"minecraft:birch_planks":168,"createastral:sturdy_boots":2,"tconstruct:scythe":3,"farmersdelight:cutting_board":1,"vinery:red_grapejuice_wine_bottle":1,"create:controls":1,"minecraft:yellow_dye":33,"tconstruct:rose_gold_ingot":9,"create:super_glue":4,"minecraft:stick":228,"create:mechanical_pump":1,"minecraft:iron_ingot":360,"tconstruct:vein_hammer":8,"tconstruct:pattern":36,"tconstruct:pickaxe":9,"minecraft:redstone":639,"campanion:cracker":8,"minecraft:raw_iron":81,"minecraft:coal":333,"create:brown_toolbox":1,"techreborn:tin_storage_block":4,"tconstruct:round_plate":3,"minecraft:furnace":3,"minecraft:blast_furnace":1,"cookingforblockheads:crafting_book":1,"minecraft:diamond_block":1,"tconstruct:travelers_leggings":1,"compressor:compressed_cobbled_deepslate":14,"minecraft:polished_deepslate":529,"minecraft:slime_ball":45,"create:millstone":1,"tconstruct:seared_table":1,"createastral:sturdy_helmet":1,"create:fluid_tank":6,"trashcans:item_trash_can":1,"create:basin":1,"travelersbackpack:hose":1,"minecraft:cooked_beef":49,"minecraft:red_dye":81,"create:andesite_alloy":200,"tconstruct:excavator":8,"travelersbackpack:backpack_tank":4,"create:large_water_wheel":1,"minecraft:bread":2,"minecraft:air":0,"minecraft:jungle_planks":272,"minecraft:black_stained_glass":8,"minecraft:blue_dye":1,"create:whisk":2,"tconstruct:seared_faucet":3,"minecraft:stonecutter":1,"vinery:white_grapejuice_wine_bottle":1,"create:copper_diving_helmet":2,"minecraft:torch":896,"create:zinc_ingot":279,"minecraft:clay":3,"minecraft:lapis_block":3,"tconstruct:sledge_hammer":6},"minecraft:broken":{"minecraft:iron_pickaxe":1,"techreborn:treetap":8},"minecraft:custom":{"minecraft:interact_with_crafting_table":179,"minecraft:open_barrel":121,"minecraft:eat_cake_slice":19,"minecraft:leave_game":13,"minecraft:time_since_death":1413575,"minecraft:play_time":1430255,"minecraft:deaths":1,"minecraft:jump":11947,"minecraft:interact_with_furnace":229,"minecraft:traded_with_villager":19,"minecraft:sleep_in_bed":108,"minecraft:damage_dealt":36274,"minecraft:interact_with_smoker":2,"minecraft:interact_with_smithing_table":26,"minecraft:interact_with_anvil":2,"minecraft:sneak_time":9239,"minecraft:interact_with_blast_furnace":52,"minecraft:total_world_time":1430255,"minecraft:interact_with_stonecutter":11,"minecraft:open_copper_chest":648,"minecraft:time_since_rest":1927,"minecraft:swim_one_cm":120452,"minecraft:fly_one_cm":2442145,"minecraft:open_chest":4,"minecraft:open_iron_chest":694,"minecraft:fall_one_cm":189317,"lootr:looted_stat":38,"minecraft:sprint_one_cm":2925642,"minecraft:drop":795,"minecraft:talked_to_villager":11,"minecraft:walk_on_water_one_cm":153246,"minecraft:player_kills":2,"minecraft:crouch_one_cm":12512,"minecraft:mob_kills":225,"minecraft:interact_with_campfire":1,"minecraft:climb_one_cm":19976,"minecraft:walk_one_cm":3962710,"minecraft:raid_win":2,"minecraft:walk_under_water_one_cm":268907,"minecraft:raid_trigger":1,"minecraft:damage_taken":4890,"minecraft:open_gold_chest":51},"minecraft:used":{"create:deployer":4,"kubejs:shimmer_bucket":11,"farmersdelight:cabbage_seeds":5,"minecraft:poppy":1,"trashcans:item_trash_can":2,"minecraft:chest":1,"farmersdelight:cabbage":1,"vinery:apple_pie":1,"create:depot":7,"cookingforblockheads:oven":2,"minecraft:jungle_sapling":11,"create:controls":5,"farmersdelight:fried_rice":3,"minecraft:lava_bucket":14,"extended_drawers:quad_drawer":4,"minecraft:grass_block":11,"farmersdelight:rotten_tomato":2,"tconstruct:seared_faucet":7,"packages:package":19,"tconstruct:tinkers_anvil":2,"minecraft:bow":1,"create:shaft":52,"minecraft:furnace":5,"minecraft:potato":27,"vinery:white_grape_seeds":10,"minecraft:diorite":9,"minecraft:damaged_anvil":1,"doodads:asphalt":1228,"minecraft:clay":123,"create:spout":3,"minecraft:sand":12,"minecraft:blast_furnace":3,"farmersdelight:rice":67,"create:copper_backtank":7,"create:adjustable_chain_gearshift":5,"extractinator:silt":3,"vinery:apple_pie_slice":4,"create:basin":4,"dbe:track_end":1,"minecraft:smithing_table":1,"mcdw:sickle_nightmares_bite":16,"farmersdelight:vegetable_noodles":1,"minecraft:armor_stand":5,"minecraft:torch":871,"doodads:platform":24,"extended_drawers:connector":3,"minecraft:oak_fence_gate":1,"tconstruct:seared_heater":2,"create:gearbox":28,"create:wrench":103,"minecraft:iron_axe":40,"minecraft:jungle_log":10,"minecraft:barrel":2,"create:encased_chain_drive":9,"createaddition:honey_cake":1,"tconstruct:cast_chest":1,"farmersdelight:cooking_pot":3,"travelersbackpack:hose":19,"farmersdelight:tomato_seeds":28,"minecraft:cobbled_deepslate":57,"minecraft:wheat_seeds":510,"minecraft:water_bucket":90,"extended_drawers:single_drawer":27,"extended_drawers:shadow_drawer":8,"reinfchest:gold_chest":2,"minecraft:crafting_table":2,"minecraft:white_bed":1,"techreborn:rubber_sapling":118,"minecraft:cake":1,"minecraft:oak_log":1,"create:track":51,"farmersdelight:pasta_with_meatballs":1,"tconstruct:seared_table":9,"minecraft:iron_pickaxe":250,"create:water_wheel":5,"minecraft:cobblestone":146,"tconstruct:seared_melter":2,"travelersbackpack:standard":29,"minecraft:red_concrete_powder":1,"farmersdelight:egg_sandwich":1,"create:clutch":2,"campanion:cracker":8,"createastral:sturdy_leggings":1,"minecraft:polished_deepslate":143,"farmersdelight:cabbage_rolls":1,"farmersdelight:stove":1,"create:railway_casing":32,"create:cogwheel":47,"minecraft:carrot":30,"minecraft:tuff":3,"create:metal_girder":3,"minecraft:obsidian":1,"minecraft:polished_deepslate_stairs":3,"vinery:wine_bottle":1,"cookingforblockheads:fridge":18,"packages:package_maker":3,"create:millstone":6,"tconstruct:broad_axe":2,"farmersdelight:cutting_board":1,"minecraft:beetroot_seeds":4,"sniffer:sniffer_egg":1,"minecraft:skeleton_skull":3,"create:copper_diving_boots":1,"travelersbackpack:spider":2,"reinfchest:iron_chest":7,"mcdw:sword_freezing_foil":66,"minecraft:blue_bed":1,"cookingforblockheads:milk_jar":1,"create:track_station":7,"createaddition:rolling_mill":7,"minecraft:redstone_torch":13,"extended_drawers:lock":17,"minecraft:lever":2,"techreborn:rubber_log":2,"minecraft:bread":26,"tconstruct:scythe":94,"create:andesite_casing":8,"minecraft:gravel":153,"vinery:cherry_wine":2,"minecraft:grindstone":1,"tconstruct:crafting_station":2,"create:stressometer":11,"create:vertical_gearbox":32,"minecraft:bone_meal":540,"create:large_cogwheel":27,"minecraft:oak_fence":25,"extended_drawers:double_drawer":1,"minecraft:redstone":11,"reinfchest:copper_chest":16,"minecraft:cooked_chicken":14,"create:mechanical_pump":2,"minecraft:dirt":463,"minecraft:spyglass":7,"create:mechanical_mixer":12,"tconstruct:seared_bricks":1,"railways:track_tieless":1,"tconstruct:tinker_station":4,"create:brown_toolbox":1,"cookingforblockheads:white_kitchen_floor":20,"chipped:white_concrete_1":10,"minecraft:cooked_beef":53,"tconstruct:part_builder":4,"minecraft:cooked_mutton":11,"cookingforblockheads:cooking_table":2,"farmersdelight:skillet":1,"create:train_door":6,"minecraft:andesite_slab":6,"minecraft:stonecutter":3,"farmersdelight:onion":48,"tconstruct:seared_basin":3,"farmersdelight:smoked_ham":2,"minecraft:apple":4,"create:mechanical_press":12,"farmersdelight:stuffed_potato":1,"railways:track_monorail":3,"minecraft:chicken":2,"create:large_water_wheel":21,"minecraft:white_banner":6,"minecraft:bucket":112,"create:hand_crank":3,"farmersdelight:fruit_salad":1,"vinery:red_grape_seeds":8},"minecraft:killed":{"minecraft:skeleton":36,"minecraft:chicken":34,"minecraft:tropical_fish":1,"minecraft:pillager":23,"minecraft:zombie":42,"minecraft:cow":24,"minecraft:vindicator":1,"naturalist:bear":1,"minecraft:ravager":2,"minecraft:witch":1,"minecraft:spider":17,"sniffer:sniffer":1,"minecraft:pig":19,"minecraft:creeper":2,"minecraft:sheep":8,"vinery:mule":6,"vinery:wandering_winemaker":3,"minecraft:squid":3,"minecraft:player":1},"minecraft:dropped":{"tconstruct:tinkers_anvil":1,"minecraft:clay":46,"another_furniture:dark_oak_bench":2,"minecraft:lapis_lazuli":3,"reinfchest:gold_chest":1,"minecraft:diamond":1,"vinery:white_grape_seeds":15,"create:cogwheel":6,"create:whisk":1,"create:fluid_tank":5,"techreborn:rubber_sapling":23,"minecraft:rail":6,"minecraft:emerald":2,"minecraft:dirt":12,"kubejs:compound_mixture_bucket":1,"techreborn:raw_tin":8,"minecraft:large_fern":1,"create:copper_backtank":3,"minecraft:jungle_sapling":2,"minecraft:gold_nugget":1,"create:goggles":4,"minecraft:white_wool":33,"extended_drawers:single_drawer":1,"minecraft:bone":1,"tconstruct:travelers_leggings":1,"tconstruct:pickaxe":3,"minecraft:cooked_chicken":3,"minecraft:cobbled_deepslate":14,"tconstruct:broad_blade":1,"extended_drawers:double_drawer":1,"minecraft:wheat":12,"minecraft:obsidian":237,"vinery:wine_bottle":1,"minecraft:rotten_flesh":23,"minecraft:grindstone":1,"chipped:deepslate_40":1,"minecraft:oak_planks":14,"farmersdelight:rice_panicle":57,"tconstruct:sledge_hammer":1,"techreborn:tin_ingot":32,"create:wrench":3,"create:limestone":245,"minecraft:beef":4,"tconstruct:seared_faucet":1,"tconstruct:cast_chest":1,"minecraft:egg":1,"create:basin":1,"create:mechanical_mixer":2,"minecraft:iron_ingot":11,"create:rose_quartz":10,"reinfchest:iron_chest":3,"minecraft:wheat_seeds":1022,"tconstruct:seared_table":1,"minecraft:oak_fence":10,"minecraft:cobblestone":64,"minecraft:granite":9,"createastral:andesite_compound":3,"minecraft:coal":7,"create:andesite_casing":1,"tconstruct:silky_cloth":5,"techreborn:rubber_log":240,"tconstruct:travelers_helmet":1,"mcdw:dagger_dagger":2,"techreborn:rubber":78,"create:copper_diving_boots":2,"minecraft:rose_bush":8,"minecraft:white_banner":1,"minecraft:string":4,"create:copper_casing":1,"create:sand_paper":2,"create:raw_zinc":1,"create:clutch":1,"createastral:copper_helmet":1,"tconstruct:rose_gold_ingot":14,"minecraft:yellow_concrete_powder":188,"minecraft:furnace":1,"minecraft:moss_carpet":1,"create:ochrum":19,"minecraft:cocoa_beans":3,"adoptafloppa:orca_item":1,"minecraft:clay_ball":1004,"create:mechanical_pump":1,"createastral:sturdy_leggings":1,"create:copper_sheet":1,"doodads:platform":39,"createastral:sturdy_boots":2,"packages:package_maker":2,"minecraft:cobblestone_slab":256,"reinfchest:copper_chest":3,"create:zinc_ingot":99,"tconstruct:travelers_boots":1,"create:hand_crank":1,"minecraft:spider_eye":1,"minecraft:bow":2,"farmersdelight:ham":1,"minecraft:black_wool":3,"create:vertical_gearbox":1,"minecraft:moss_block":13,"create:millstone":1,"create:crimsite":205,"compressor:compressed_cobbled_deepslate":14,"travelersbackpack:standard":2,"mcdw:sword_freezing_foil":1,"minecraft:flint":3,"create:copper_diving_helmet":2,"tconstruct:gear_cast":1,"estrogen:estrogen_patches":1,"create:fluid_pipe":9,"extended_drawers:lock":2,"minecraft:mutton":4,"createastral:copper_leggings":1,"create:iron_sheet":7,"ftbquests:book":1,"createbigcannons:bronze_scrap":1,"minecraft:gold_ingot":1,"minecraft:honeycomb_block":2,"vinery:red_grape_seeds":12,"minecraft:gravel":410,"createastral:sturdy_helmet":2,"techreborn:treetap":1,"minecraft:fern":1,"tconstruct:cleaver":1,"createastral:copper_chestplate":1,"campanion:leather_pouch":2,"tconstruct:spider_head":1,"minecraft:skeleton_skull":1,"minecraft:melon_seeds":1,"tconstruct:hammer_head":1,"minecraft:azalea":2,"minecraft:chest":2,"create:depot":1,"minecraft:arrow":1,"create:water_wheel":5,"create:mechanical_press":1,"minecraft:scaffolding":1,"create:powdered_obsidian":9,"create:andesite_alloy":94,"tconstruct:coin_cast":1,"minecraft:bread":13,"create:unprocessed_obsidian_sheet":2,"minecraft:red_concrete_powder":1425,"mcdw:dagger_chill_gale_knife":1,"minecraft:poisonous_potato":1,"create:zinc_nugget":1062,"minecraft:copper_ingot":47,"minecraft:grass_block":1,"minecraft:stick":36,"create:brass_hand":1,"doodads:asphalt":92,"minecraft:diorite":474,"tconstruct:broad_axe_head":1,"minecraft:melon_slice":17,"minecraft:iron_door":1,"create:sturdy_sheet":14,"minecraft:zombie_head":1,"travelersbackpack:spider":2,"farmersdelight:bacon":9,"create:railway_casing":1,"minecraft:iron_axe":1,"createaddition:rolling_mill":1,"minecraft:bucket":5,"minecraft:music_disc_cat":1,"minecraft:smooth_basalt":3,"minecraft:polished_deepslate":1,"techreborn:sap":111,"create:shaft":8,"minecraft:coarse_dirt":1,"minecraft:raw_copper":406,"createastral:bronze_ingot":5,"minecraft:tuff":142,"create:encased_chain_drive":1,"minecraft:raw_iron":8,"minecraft:tall_grass":1,"minecraft:light_gray_wool":2,"farmersdelight:flint_knife":1,"extended_drawers:connector":1,"createastral:copper_boots":1,"minecraft:andesite":973,"minecraft:oak_sapling":28,"create:deployer":1,"extended_drawers:quad_drawer":1,"tconstruct:seared_brick":107,"createaddition:gold_rod":1,"tconstruct:travelers_chestplate":1,"minecraft:gray_concrete_powder":231,"minecraft:slime_ball":4,"extractinator:silt":2,"minecraft:calcite":2},"minecraft:picked_up":{"vinery:red_grape":20,"farmersdelight:cabbage_rolls":4,"tconstruct:cast_chest":1,"minecraft:creeper_head":1,"create:spout":4,"minecraft:lead":6,"farmersdelight:rice_panicle":125,"vinery:red_grape_seeds":44,"create:wrench":2,"minecraft:enchanted_book":4,"techreborn:treetap":1,"techreborn:andesite_dust":25,"createastral:sturdy_boots":1,"create:copper_diving_boots":3,"minecraft:amethyst_block":17,"minecraft:polished_deepslate":86,"minecraft:music_disc_cat":1,"minecraft:string":48,"create:limestone":245,"create:unprocessed_obsidian_sheet":87,"create:water_wheel":12,"tconstruct:ingot_cast":2,"minecraft:cobbled_deepslate":945,"techreborn:rubber_log":943,"create:train_door":5,"packages:package_maker":4,"create:andesite_casing":15,"tconstruct:seared_faucet":3,"minecraft:black_dye":3,"createaddition:gold_rod":1,"tconstruct:sky_slime_crystal":8,"tconstruct:large_plate_cast":1,"create:copper_casing":1,"farmersdelight:onion":202,"create:track":3,"create:ochrum":19,"tconstruct:spider_head":6,"minecraft:birch_log":104,"minecraft:feather":58,"farmersdelight:rice":2,"minecraft:jungle_log":405,"createastral:bronze_sheet":3,"minecraft:flint":160,"trashcans:item_trash_can":1,"farmersdelight:tomato":89,"create:encased_chain_drive":20,"minecraft:stonecutter":2,"tconstruct:rose_gold_block":1,"create:goggles":4,"tconstruct:seared_table":9,"create:shaft":37,"minecraft:moss_block":13,"minecraft:honeycomb":11,"chipped:deepslate_40":1,"mcdw:axe_firebrand":2,"mcdw:dagger_chill_gale_knife":1,"tconstruct:hammer_head":1,"minecraft:ink_sac":4,"extractinator:silt":7,"techreborn:rubber":67,"create:crimsite":205,"minecraft:lever":2,"minecraft:granite":75,"minecraft:bread":73,"tconstruct:travelers_chestplate":2,"minecraft:bricks":44,"minecraft:crafting_table":1,"minecraft:coarse_dirt":1,"kubejs:compound_mixture_bucket":1,"minecraft:clay_ball":541,"tconstruct:gear_cast":1,"tconstruct:tinkers_anvil":1,"vinery:apple_pie":1,"tconstruct:travelers_helmet":2,"cookingforblockheads:fridge":16,"tconstruct:cleaver":1,"minecraft:beef":58,"minecraft:jungle_sapling":45,"minecraft:poppy":64,"minecraft:chest":1,"minecraft:birch_sapling":54,"create:clutch":5,"minecraft:egg":39,"minecraft:raw_copper_block":14,"create:polished_rose_quartz":10,"extended_drawers:double_drawer":2,"farmersdelight:minced_beef":6,"tconstruct:pickaxe":3,"create:copper_backtank":11,"create:powdered_obsidian":9,"minecraft:carrot":187,"minecraft:redstone":830,"mcdw:sword_freezing_foil":1,"create:vertical_gearbox":36,"railways:track_tieless":1,"minecraft:tnt":1,"minecraft:beetroot_seeds":4,"create:depot":7,"minecraft:mutton":12,"minecraft:white_wool":10,"extended_drawers:lock":3,"minecraft:rail":6,"create:iron_sheet":2,"cookingforblockheads:cooking_table":1,"minecraft:yellow_dye":5,"minecraft:oak_log":71,"farmersdelight:skillet":3,"tconstruct:sky_slime_crystal_block":2,"minecraft:paper":50,"minecraft:white_banner":7,"techreborn:sap":4,"tconstruct:seared_brick":7,"vinery:wine_bottle":1,"minecraft:apple":24,"farmersdelight:cooking_pot":2,"create:metal_girder":3,"reinfchest:gold_chest":2,"mcdw:dagger_dagger":1,"tconstruct:tinkers_gadgetry":1,"another_furniture:dark_oak_bench":2,"minecraft:smooth_basalt":3,"minecraft:gravel":1084,"tconstruct:coin_cast":1,"create:gearbox":20,"packages:package":19,"travelersbackpack:standard":5,"create:brass_hand":1,"create:millstone":5,"farmersdelight:stuffed_potato":1,"minecraft:slime_ball":41,"create:mechanical_pump":3,"adoptafloppa:orca_item":1,"techreborn:raw_tin":257,"tconstruct:tough_handle_cast":1,"minecraft:wheat":1486,"tconstruct:broad_axe_head":1,"travelersbackpack:spider":2,"minecraft:raw_copper":440,"minecraft:armor_stand":3,"minecraft:zombie_head":2,"farmersdelight:cabbage":1,"create:mechanical_press":10,"minecraft:bucket":4,"minecraft:red_dye":46,"reinfchest:copper_chest":14,"tconstruct:broad_blade":1,"minecraft:rose_bush":9,"minecraft:redstone_torch":13,"railways:track_monorail":4,"minecraft:calcite":2,"minecraft:azalea":2,"farmersdelight:cabbage_seeds":5,"minecraft:furnace":4,"minecraft:stick":332,"create:mechanical_mixer":13,"doodads:platform":62,"farmersdelight:rotten_tomato":2,"minecraft:polished_deepslate_stairs":1,"minecraft:oak_fence":11,"minecraft:torch":34,"minecraft:porkchop":36,"minecraft:dried_kelp":6,"minecraft:diorite":560,"extended_drawers:quad_drawer":5,"create:large_cogwheel":21,"extended_drawers:connector":4,"cookingforblockheads:oven":1,"minecraft:rotten_flesh":56,"minecraft:obsidian":167,"minecraft:cobblestone":1362,"tconstruct:seared_bricks":1,"mcdw:hammer_flail":1,"campanion:leather_pouch":1,"farmersdelight:smoked_ham":1,"create:fluid_tank":9,"minecraft:andesite":1737,"minecraft:potato":234,"minecraft:magenta_dye":38,"minecraft:tuff":150,"create:raw_zinc":137,"minecraft:lapis_lazuli":110,"minecraft:dirt":2870,"minecraft:stripped_birch_log":6,"vinery:apple_pie_slice":4,"tconstruct:rose_gold_ingot":9,"minecraft:bone":88,"farmersdelight:iron_knife":1,"minecraft:bow":2,"minecraft:wheat_seeds":3868,"doodads:asphalt":84,"minecraft:raw_gold":34,"minecraft:grindstone":2,"minecraft:oak_planks":5,"extended_drawers:single_drawer":11,"extended_drawers:shadow_drawer":8,"vinery:cherry_wine":1,"minecraft:cooked_porkchop":12,"create:cogwheel":36,"minecraft:poisonous_potato":1,"vinery:white_grape":21,"minecraft:sand":1021,"techreborn:rubber_sapling":376,"createastral:sturdy_helmet":1,"minecraft:sugar":4,"create:track_station":1,"minecraft:diamond":14,"tconstruct:seared_basin":1,"minecraft:crossbow":2,"minecraft:emerald":9,"minecraft:oak_sapling":83,"create:stressometer":10,"minecraft:andesite_slab":6,"minecraft:cocoa_beans":16,"tconstruct:crafting_station":1,"minecraft:chicken":34,"createaddition:rolling_mill":7,"minecraft:chain":6,"tconstruct:nugget_cast":1,"minecraft:moss_carpet":1,"minecraft:iron_axe":3,"minecraft:player_head":1,"create:basin":4,"tconstruct:encyclopedia":1,"minecraft:light_gray_wool":4,"minecraft:raw_iron":268,"create:railway_casing":44,"minecraft:copper_ingot":51,"minecraft:bowl":1,"vinery:vinemaker_leggings":1,"create:hand_crank":4,"create:zinc_ingot":31,"create:deployer":5,"vinery:gloves":1,"create:controls":4,"minecraft:arrow":128,"tconstruct:tinker_station":3,"vinery:white_grape_seeds":55,"minecraft:saddle":2,"minecraft:skeleton_skull":5,"tconstruct:travelers_boots":2,"minecraft:glow_ink_sac":4,"tconstruct:part_builder":3,"minecraft:leather":22,"tconstruct:travelers_leggings":2,"create:andesite_alloy":4,"minecraft:gunpowder":4,"minecraft:cooked_mutton":2,"tconstruct:sledge_hammer":1,"createaddition:copper_wire":1,"create:adjustable_chain_gearshift":5,"farmersdelight:fruit_salad":1,"minecraft:iron_ingot":2,"minecraft:cooked_chicken":8,"minecraft:book":4,"minecraft:scaffolding":1,"create:large_water_wheel":7,"minecraft:red_concrete_powder":23,"minecraft:dandelion":33,"minecraft:raw_iron_block":1,"minecraft:blast_furnace":2,"minecraft:white_bed":1,"minecraft:spider_eye":21,"create:copper_diving_helmet":3,"minecraft:pumpkin_seeds":1,"reinfchest:iron_chest":4,"create:zinc_nugget":112,"minecraft:iron_helmet":1,"tconstruct:pattern":24,"minecraft:damaged_anvil":1,"minecraft:coal":813}},"DataVersion":2975}