{"stats":{"minecraft:killed_by":{"minecraft:player":1,"minecraft:ravager":1},"minecraft:mined":{"create:zinc_ore":50,"create:deepslate_zinc_ore":131,"minecraft:tuff":3,"minecraft:white_bed":1,"tconstruct:tinker_station":1,"minecraft:deepslate_diamond_ore":9,"minecraft:obsidian":8,"minecraft:granite":25,"minecraft:grass_block":234,"minecraft:jungle_log":24,"create:depot":1,"minecraft:moss_block":4,"minecraft:iron_ore":60,"minecraft:andesite":9,"minecraft:deepslate_lapis_ore":3,"minecraft:polished_deepslate":3,"minecraft:deepslate_iron_ore":25,"minecraft:vine":18,"minecraft:player_head":1,"minecraft:stone":96,"create:mechanical_press":1,"minecraft:deepslate_redstone_ore":85,"tconstruct:part_builder":1,"minecraft:player_wall_head":3,"minecraft:oak_fence":11,"minecraft:crafting_table":1,"minecraft:clay":3,"minecraft:blast_furnace":1,"minecraft:cobblestone":8,"minecraft:copper_ore":23,"minecraft:deepslate_gold_ore":38,"minecraft:lapis_ore":4,"minecraft:grindstone":1,"minecraft:diorite":1,"techreborn:tin_ore":8,"minecraft:grass":4,"minecraft:coal_ore":101,"minecraft:oak_fence_gate":1,"minecraft:gravel":16,"tconstruct:crafting_station":1,"minecraft:dirt":477,"minecraft:cobweb":1,"another_furniture:dark_oak_bench":1,"minecraft:small_dripleaf":1,"minecraft:fern":2,"minecraft:oak_leaves":18,"minecraft:deepslate":359},"minecraft:crafted":{"tconstruct:pickaxe":3,"techreborn:tin_storage_block":9,"tconstruct:broad_axe":2,"techreborn:tin_ingot":8,"minecraft:copper_block":24,"minecraft:redstone_block":40,"minecraft:coal_block":23,"create:andesite_alloy":108,"minecraft:cyan_bed":1,"tconstruct:excavator":2,"create:large_water_wheel":1,"minecraft:copper_ingot":188,"minecraft:gold_block":12,"tconstruct:scythe":1,"minecraft:bread":9,"create:gearbox":1,"createastral:andesite_alloy_block":24,"minecraft:iron_ingot":108,"create:zinc_block":31,"minecraft:iron_block":38,"minecraft:gold_ingot":38,"tconstruct:vein_hammer":2,"tconstruct:cleaver":2,"create:zinc_ingot":170,"tconstruct:sledge_hammer":2},"minecraft:custom":{"lootr:looted_stat":30,"minecraft:mob_kills":60,"minecraft:interact_with_crafting_table":36,"minecraft:interact_with_campfire":29,"minecraft:eat_cake_slice":6,"minecraft:leave_game":4,"minecraft:time_since_death":196256,"minecraft:climb_one_cm":7024,"minecraft:sprint_one_cm":536140,"minecraft:walk_one_cm":722455,"minecraft:drop":256,"minecraft:raid_win":1,"minecraft:play_time":260930,"minecraft:sneak_time":1549,"minecraft:deaths":2,"minecraft:walk_under_water_one_cm":6981,"minecraft:jump":3411,"minecraft:interact_with_blast_furnace":54,"minecraft:walk_on_water_one_cm":20312,"minecraft:total_world_time":260930,"minecraft:interact_with_furnace":93,"minecraft:interact_with_loom":1,"minecraft:interact_with_stonecutter":1,"minecraft:sleep_in_bed":16,"minecraft:open_copper_chest":61,"minecraft:time_since_rest":6526,"minecraft:damage_taken":3666,"minecraft:damage_dealt":12846,"minecraft:swim_one_cm":2315,"minecraft:fly_one_cm":404103,"minecraft:open_chest":2,"minecraft:open_iron_chest":74,"minecraft:fall_one_cm":71926},"minecraft:used":{"minecraft:moss_block":1,"tconstruct:grout":1,"reinfchest:copper_chest":3,"minecraft:player_head":4,"minecraft:torch":5,"minecraft:dirt":225,"minecraft:spyglass":1,"minecraft:tuff":1,"minecraft:jungle_sapling":1,"tconstruct:tinker_station":1,"tconstruct:spider_head":1,"create:shaft":19,"minecraft:furnace":1,"mcdw:dagger_dagger":5,"tconstruct:part_builder":1,"farmersdelight:cooked_mutton_chops":3,"minecraft:skeleton_skull":2,"minecraft:cooked_beef":6,"minecraft:cobbled_deepslate":38,"minecraft:cooked_mutton":2,"minecraft:water_bucket":2,"reinfchest:iron_chest":3,"minecraft:oak_planks":2,"minecraft:crafting_table":2,"minecraft:blast_furnace":1,"minecraft:white_bed":1,"minecraft:cake":1,"create:copper_backtank":1,"minecraft:cyan_bed":1,"minecraft:bread":44,"create:water_wheel":3,"minecraft:gravel":2,"create:andesite_casing":1,"tconstruct:crafting_station":1,"minecraft:grindstone":1,"minecraft:cobblestone":11,"travelersbackpack:standard":2,"minecraft:cooked_porkchop":9,"minecraft:bucket":8,"create:vertical_gearbox":1,"create:large_cogwheel":1,"minecraft:experience_bottle":2},"minecraft:killed":{"minecraft:spider":2,"minecraft:vindicator":3,"minecraft:skeleton":17,"minecraft:zombie_villager":1,"minecraft:ravager":1,"minecraft:creeper":1,"minecraft:pillager":8,"minecraft:zombie":26},"minecraft:picked_up":{"techreborn:raw_tin":16,"minecraft:cocoa_beans":2,"tconstruct:crafting_station":1,"minecraft:crafting_table":2,"minecraft:clay_ball":12,"tconstruct:materials_and_you":1,"vinery:red_grape_seeds":4,"tconstruct:tinkers_anvil":1,"create:wrench":1,"minecraft:gold_block":3,"tconstruct:travelers_helmet":1,"techreborn:treetap":1,"createaddition:rolling_mill":1,"minecraft:chain":18,"create:copper_diving_boots":1,"tconstruct:broad_axe_head_cast":1,"minecraft:string":5,"minecraft:raw_copper":89,"create:unprocessed_obsidian_sheet":1,"minecraft:zombie_head":4,"tconstruct:cleaver":2,"create:water_wheel":4,"create:mechanical_press":2,"minecraft:cobbled_deepslate":788,"minecraft:bucket":3,"reinfchest:copper_chest":2,"minecraft:player_head":4,"create:basin":1,"minecraft:jungle_sapling":7,"tconstruct:encyclopedia":1,"create:clutch":1,"minecraft:furnace":1,"minecraft:raw_iron":92,"minecraft:stick":23,"create:mechanical_mixer":1,"doodads:platform":23,"minecraft:oak_fence":14,"minecraft:copper_ingot":8,"packages:package_maker":1,"minecraft:torch":7,"create:andesite_casing":3,"tconstruct:pickaxe":2,"create:copper_backtank":2,"tconstruct:seared_faucet":3,"create:hand_crank":1,"minecraft:diorite":1,"minecraft:redstone":366,"create:zinc_ingot":11,"create:vertical_gearbox":2,"minecraft:arrow":14,"minecraft:rotten_flesh":21,"tconstruct:grout":40,"createastral:copper_helmet":2,"tconstruct:tinker_station":2,"create:depot":2,"minecraft:saddle":1,"tconstruct:spider_head":1,"tconstruct:puny_smelting":1,"minecraft:glow_berries":1,"minecraft:obsidian":14,"createastral:bronze_ingot":2,"minecraft:skeleton_skull":2,"minecraft:cobblestone":91,"create:iron_sheet":5,"minecraft:cooked_beef":2,"tconstruct:travelers_boots":1,"minecraft:jungle_log":4,"minecraft:andesite":9,"tconstruct:part_builder":2,"techreborn:tin_ingot":8,"tconstruct:travelers_leggings":1,"tconstruct:pick_head":1,"minecraft:tuff":10,"create:raw_zinc":173,"create:andesite_alloy":63,"minecraft:gunpowder":2,"minecraft:lapis_lazuli":47,"minecraft:dirt":634,"createastral:andesite_compound":3,"minecraft:white_banner":3,"tconstruct:seared_brick":55,"create:encased_chain_drive":1,"minecraft:cooked_mutton":2,"minecraft:bone":13,"tconstruct:seared_heater":1,"minecraft:bow":1,"minecraft:wheat_seeds":16,"minecraft:raw_gold":55,"minecraft:oak_fence_gate":1,"minecraft:grindstone":1,"createastral:copper_chestplate":1,"minecraft:iron_ingot":8,"minecraft:cooked_chicken":3,"create:goggles":1,"tconstruct:seared_table":1,"create:shaft":20,"minecraft:moss_block":4,"minecraft:oak_planks":15,"tconstruct:tinkers_gadgetry":1,"mcdw:dagger_chill_gale_knife":1,"minecraft:cooked_porkchop":17,"create:cogwheel":7,"minecraft:gravel":298,"minecraft:blast_furnace":1,"minecraft:white_bed":1,"techreborn:rubber":66,"tconstruct:vein_hammer":2,"minecraft:spider_eye":2,"farmersdelight:cooked_mutton_chops":3,"create:copper_diving_helmet":1,"travelersbackpack:standard":2,"create:millstone":1,"reinfchest:iron_chest":2,"minecraft:clay":43,"tconstruct:seared_basin":1,"minecraft:diamond":10,"minecraft:granite":29,"createastral:copper_leggings":1,"tconstruct:seared_melter":1,"minecraft:emerald":1,"minecraft:bread":7,"tconstruct:pattern":1,"createastral:copper_boots":1,"minecraft:oak_sapling":1,"tconstruct:travelers_chestplate":1,"minecraft:coal":132},"minecraft:dropped":{"create:mechanical_mixer":1,"create:basin":1,"create:unprocessed_obsidian_sheet":1,"minecraft:moss_block":3,"minecraft:wheat_seeds":16,"create:millstone":1,"tconstruct:seared_table":1,"tconstruct:encyclopedia":1,"minecraft:cooked_porkchop":1,"mcdw:dagger_chill_gale_knife":2,"minecraft:oak_fence":14,"minecraft:cobblestone":80,"create:cogwheel":1,"minecraft:granite":29,"create:large_water_wheel":1,"minecraft:coal":32,"minecraft:stick":3,"create:copper_diving_helmet":1,"create:andesite_casing":5,"tconstruct:tinker_station":1,"minecraft:dirt":516,"tconstruct:vein_hammer":2,"minecraft:diorite":1,"tconstruct:materials_and_you":1,"tconstruct:travelers_helmet":1,"minecraft:torch":2,"create:copper_diving_boots":1,"techreborn:rubber":64,"create:copper_backtank":1,"mcdw:axe_firebrand":1,"minecraft:zombie_head":4,"minecraft:jungle_sapling":6,"minecraft:chain":24,"minecraft:white_banner":3,"create:goggles":1,"createaddition:rolling_mill":1,"minecraft:string":5,"minecraft:bucket":4,"vinery:red_grape_seeds":3,"tconstruct:part_builder":1,"create:clutch":3,"minecraft:bone":4,"minecraft:redstone":6,"tconstruct:travelers_leggings":1,"createastral:copper_helmet":1,"tconstruct:pattern":1,"minecraft:gravel":306,"tconstruct:pickaxe":2,"techreborn:sap":4,"tconstruct:tinkers_gadgetry":1,"minecraft:player_head":2,"minecraft:cobbled_deepslate":750,"minecraft:cocoa_beans":2,"minecraft:tuff":9,"minecraft:wheat":1,"create:encased_chain_drive":7,"minecraft:rotten_flesh":21,"minecraft:clay_ball":12,"techreborn:treetap":1,"tconstruct:cleaver":2,"doodads:platform":23,"tconstruct:grout":79,"tconstruct:pick_head":1,"minecraft:oak_fence_gate":1,"minecraft:gunpowder":2,"create:zinc_ingot":14,"tconstruct:travelers_boots":1,"create:gearbox":7,"minecraft:andesite":9,"minecraft:jungle_log":4,"minecraft:oak_sapling":1,"create:hand_crank":1,"tconstruct:seared_brick":7,"tconstruct:travelers_chestplate":1,"minecraft:spider_eye":2,"create:depot":2,"minecraft:arrow":10,"minecraft:bow":1,"minecraft:raw_gold":17,"create:water_wheel":3,"create:mechanical_press":2,"create:andesite_alloy":90}},"DataVersion":2975}