{"stats":{"minecraft:mined":{"create:deepslate_zinc_ore":41,"reinfchest:copper_chest":9,"minecraft:white_bed":1,"tconstruct:tinker_station":2,"create:andesite_casing":11,"minecraft:jungle_leaves":4,"tconstruct:seared_bricks":1,"minecraft:obsidian":82,"minecraft:granite":46,"minecraft:grass_block":683,"extended_drawers:double_drawer":1,"minecraft:jungle_log":153,"minecraft:spawner":1,"tconstruct:seared_table":5,"minecraft:raw_iron_block":1,"minecraft:iron_ore":140,"minecraft:cobbled_deepslate":4,"tconstruct:seared_melter":1,"minecraft:deepslate_lapis_ore":5,"create:mechanical_press":6,"minecraft:deepslate_redstone_ore":178,"create:cogwheel":23,"tconstruct:part_builder":2,"extended_drawers:connector":3,"create:adjustable_chain_gearshift":5,"tconstruct:tinkers_anvil":1,"minecraft:clay":21,"minecraft:torch":6,"minecraft:poppy":4,"minecraft:calcite":2,"farmersdelight:rice_crop":1,"minecraft:cobblestone":17,"chipped:deepslate_40":2,"minecraft:grindstone":1,"extractinator:silt":3,"minecraft:damaged_anvil":1,"minecraft:wall_torch":2,"minecraft:amethyst_block":18,"create:large_water_wheel":5,"create:basin":3,"tconstruct:seared_faucet":5,"minecraft:birch_log":104,"minecraft:wheat":95,"create:mechanical_mixer":9,"minecraft:grass":897,"minecraft:oak_log":71,"minecraft:sand":35,"create:hand_crank":1,"create:stressometer":10,"another_furniture:dark_oak_bench":1,"minecraft:dirt":416,"tconstruct:seared_heater":1,"create:encased_chain_drive":9,"minecraft:smooth_basalt":4,"minecraft:deepslate":810,"create:clutch":2,"minecraft:oak_leaves":16,"create:copper_backtank":3,"techreborn:rubber_sapling":9,"create:zinc_ore":79,"minecraft:tuff":72,"create:millstone":2,"packages:package":4,"minecraft:deepslate_diamond_ore":13,"minecraft:stripped_birch_log":7,"minecraft:dark_oak_log":1,"minecraft:lever":1,"create:large_cogwheel":20,"create:depot":2,"minecraft:redstone_wire":9,"createaddition:rolling_mill":6,"create:shaft":36,"tconstruct:grout":1,"minecraft:furnace":1,"minecraft:jungle_sapling":4,"minecraft:andesite":570,"minecraft:polished_deepslate":8,"minecraft:deepslate_iron_ore":119,"minecraft:vine":34,"minecraft:stone":1040,"minecraft:redstone_wall_torch":3,"extended_drawers:single_drawer":8,"travelersbackpack:standard":5,"minecraft:oak_fence":14,"minecraft:crafting_table":1,"tconstruct:seared_basin":1,"doodads:platform":24,"reinfchest:iron_chest":2,"create:water_wheel":8,"minecraft:copper_ore":98,"minecraft:deepslate_coal_ore":6,"minecraft:deepslate_gold_ore":27,"minecraft:diorite":105,"techreborn:tin_ore":192,"create:water_wheel_structure":1,"farmersdelight:skillet":1,"techreborn:rubber_leaves":2,"create:gearbox":48,"minecraft:redstone_torch":9,"extended_drawers:quad_drawer":4,"farmersdelight:rice_upper_crop":1,"minecraft:coal_ore":259,"minecraft:cocoa":1,"minecraft:gravel":708,"minecraft:gold_ore":7,"techreborn:rubber_log":368,"minecraft:fern":319,"packages:package_maker":2},"minecraft:crafted":{"minecraft:brick":74,"tconstruct:cast_chest":1,"minecraft:oak_planks":144,"create:copper_diving_boots":1,"createastral:bronze_ingot":10,"minecraft:cooked_chicken":17,"createaddition:rolling_mill":1,"tconstruct:broad_blade":1,"tconstruct:pick_head":2,"minecraft:stone":11,"tconstruct:tool_binding":1,"minecraft:cooked_mutton":11,"createastral:bronze_block":3,"tconstruct:seared_melter":1,"create:vertical_gearbox":2,"minecraft:glass":6,"create:sturdy_sheet":20,"minecraft:raw_copper":574,"tconstruct:broad_axe":4,"tconstruct:broad_axe_head":1,"tconstruct:seared_brick":104,"techreborn:treetap":1,"minecraft:chest":7,"minecraft:copper_block":1,"tconstruct:small_axe_head":3,"createastral:copper_leggings":1,"minecraft:bricks":16,"reinfchest:iron_chest":5,"create:cogwheel":9,"minecraft:oak_fence":21,"tconstruct:tough_handle":2,"minecraft:raw_iron_block":8,"farmersdelight:stove":1,"tconstruct:small_blade":1,"createastral:copper_chestplate":1,"createastral:sturdy_chestplate":1,"minecraft:crafting_table":1,"reinfchest:copper_chest":2,"tconstruct:coin_cast":1,"tconstruct:tool_handle":4,"minecraft:copper_ingot":448,"minecraft:birch_planks":16,"minecraft:campfire":1,"createastral:sturdy_boots":1,"create:encased_chain_drive":1,"create:mechanical_mixer":1,"tconstruct:scythe":2,"create:gearbox":9,"createastral:copper_boots":1,"minecraft:stick":212,"minecraft:iron_ingot":273,"minecraft:gold_ingot":78,"create:large_cogwheel":2,"tconstruct:cleaver":2,"tconstruct:vein_hammer":6,"createastral:copper_helmet":1,"tconstruct:large_plate":2,"doodads:platform":24,"tconstruct:pickaxe":8,"tconstruct:pattern":36,"minecraft:raw_iron":81,"minecraft:coal":180,"tconstruct:part_builder":1,"create:wrench":1,"create:brown_toolbox":1,"minecraft:iron_nugget":9,"techreborn:tin_storage_block":3,"tconstruct:round_plate":3,"minecraft:furnace":2,"tconstruct:repair_kit":1,"minecraft:blast_furnace":1,"tconstruct:seared_basin":1,"create:copper_backtank":1,"minecraft:diamond_block":1,"tconstruct:tinker_station":2,"compressor:compressed_cobbled_deepslate":14,"minecraft:polished_deepslate":529,"techreborn:tin_ingot":198,"minecraft:slime_ball":45,"tconstruct:seared_table":1,"astraladditions:ring_gold_cast":1,"create:fluid_tank":1,"farmersdelight:rice":7,"minecraft:redstone_block":90,"create:basin":1,"minecraft:cooked_beef":49,"minecraft:red_dye":4,"create:andesite_alloy":191,"tconstruct:tinkers_anvil":1,"tconstruct:excavator":4,"create:goggles":2,"create:large_water_wheel":1,"minecraft:blue_bed":1,"tconstruct:hammer_head":1,"minecraft:bread":2,"minecraft:air":0,"minecraft:jungle_planks":168,"minecraft:blue_dye":1,"tconstruct:seared_heater":1,"createastral:sturdy_sheet_block":17,"create:whisk":1,"minecraft:cobblestone":63,"tconstruct:seared_faucet":3,"minecraft:stonecutter":1,"create:shaft":16,"create:copper_diving_helmet":1,"minecraft:torch":828,"compressor:compressed_cobblestone":7,"create:zinc_ingot":126,"minecraft:clay":3,"minecraft:lapis_block":3,"tconstruct:mattock":4,"tconstruct:sledge_hammer":5},"minecraft:broken":{"minecraft:iron_pickaxe":1,"techreborn:treetap":8},"minecraft:custom":{"lootr:looted_stat":37,"minecraft:interact_with_crafting_table":84,"minecraft:eat_cake_slice":19,"minecraft:leave_game":9,"minecraft:time_since_death":797312,"minecraft:sprint_one_cm":1717524,"minecraft:drop":473,"minecraft:talked_to_villager":5,"minecraft:play_time":813992,"minecraft:deaths":1,"minecraft:jump":7463,"minecraft:walk_on_water_one_cm":85611,"minecraft:interact_with_furnace":175,"minecraft:sleep_in_bed":59,"minecraft:damage_dealt":26027,"minecraft:player_kills":1,"minecraft:crouch_one_cm":8991,"minecraft:interact_with_smoker":2,"minecraft:interact_with_smithing_table":24,"minecraft:interact_with_anvil":1,"minecraft:mob_kills":158,"minecraft:interact_with_campfire":1,"minecraft:climb_one_cm":12765,"minecraft:walk_one_cm":2380326,"minecraft:raid_win":1,"minecraft:sneak_time":5358,"minecraft:walk_under_water_one_cm":31448,"minecraft:interact_with_blast_furnace":15,"minecraft:total_world_time":813992,"minecraft:raid_trigger":1,"minecraft:interact_with_stonecutter":3,"minecraft:open_copper_chest":337,"minecraft:time_since_rest":6609,"minecraft:damage_taken":3811,"minecraft:swim_one_cm":3257,"minecraft:fly_one_cm":1476579,"minecraft:open_chest":2,"minecraft:open_iron_chest":368,"minecraft:fall_one_cm":135448},"minecraft:used":{"kubejs:shimmer_bucket":11,"minecraft:polished_deepslate":104,"farmersdelight:cabbage_rolls":1,"farmersdelight:stove":1,"create:cogwheel":43,"vinery:apple_pie":1,"create:depot":4,"minecraft:tuff":3,"minecraft:obsidian":1,"minecraft:jungle_sapling":7,"packages:package_maker":3,"minecraft:lava_bucket":11,"extended_drawers:quad_drawer":4,"minecraft:grass_block":11,"tconstruct:seared_faucet":7,"create:millstone":3,"tconstruct:broad_axe":2,"packages:package":8,"tconstruct:tinkers_anvil":2,"minecraft:bow":1,"create:shaft":52,"minecraft:furnace":2,"sniffer:sniffer_egg":1,"minecraft:skeleton_skull":2,"minecraft:potato":1,"vinery:white_grape_seeds":10,"travelersbackpack:spider":2,"reinfchest:iron_chest":6,"minecraft:diorite":8,"mcdw:sword_freezing_foil":8,"minecraft:clay":21,"minecraft:blue_bed":1,"createaddition:rolling_mill":7,"minecraft:blast_furnace":1,"farmersdelight:rice":35,"minecraft:redstone_torch":13,"extended_drawers:lock":17,"minecraft:lever":2,"create:copper_backtank":3,"techreborn:rubber_log":2,"minecraft:bread":26,"tconstruct:scythe":89,"create:adjustable_chain_gearshift":5,"minecraft:gravel":94,"extractinator:silt":3,"vinery:apple_pie_slice":4,"create:stressometer":10,"create:basin":4,"tconstruct:crafting_station":1,"minecraft:grindstone":1,"minecraft:smithing_table":1,"create:vertical_gearbox":31,"minecraft:bone_meal":8,"create:large_cogwheel":27,"minecraft:oak_fence":25,"extended_drawers:double_drawer":1,"mcdw:sickle_nightmares_bite":16,"minecraft:redstone":11,"reinfchest:copper_chest":11,"minecraft:cooked_chicken":14,"minecraft:torch":849,"minecraft:spyglass":7,"minecraft:dirt":329,"create:mechanical_mixer":10,"tconstruct:seared_bricks":1,"doodads:platform":24,"extended_drawers:connector":3,"minecraft:oak_fence_gate":1,"tconstruct:seared_heater":2,"create:gearbox":28,"minecraft:iron_axe":40,"create:wrench":103,"minecraft:jungle_log":10,"tconstruct:tinker_station":3,"create:brown_toolbox":1,"create:encased_chain_drive":9,"createaddition:honey_cake":1,"tconstruct:cast_chest":1,"tconstruct:part_builder":3,"minecraft:cooked_beef":29,"minecraft:cobbled_deepslate":54,"minecraft:cooked_mutton":11,"minecraft:wheat_seeds":510,"minecraft:water_bucket":78,"extended_drawers:single_drawer":17,"farmersdelight:skillet":1,"minecraft:stonecutter":1,"minecraft:crafting_table":1,"minecraft:white_bed":1,"tconstruct:seared_basin":2,"techreborn:rubber_sapling":91,"minecraft:cake":1,"farmersdelight:smoked_ham":1,"minecraft:oak_log":1,"minecraft:apple":4,"create:mechanical_press":8,"minecraft:chicken":2,"farmersdelight:stuffed_potato":1,"tconstruct:seared_table":6,"minecraft:iron_pickaxe":250,"create:water_wheel":5,"create:large_water_wheel":21,"minecraft:cobblestone":130,"tconstruct:seared_melter":2,"travelersbackpack:standard":25,"farmersdelight:egg_sandwich":1,"minecraft:white_banner":4,"minecraft:bucket":96,"create:hand_crank":3,"create:clutch":2,"farmersdelight:fruit_salad":1,"vinery:red_grape_seeds":8},"minecraft:killed":{"minecraft:witch":1,"minecraft:spider":13,"minecraft:skeleton":30,"minecraft:chicken":23,"sniffer:sniffer":1,"minecraft:pig":10,"minecraft:creeper":1,"minecraft:sheep":8,"minecraft:pillager":15,"minecraft:zombie":29,"minecraft:cow":20,"minecraft:vindicator":1,"vinery:mule":2,"vinery:wandering_winemaker":1,"naturalist:bear":1,"minecraft:ravager":1,"minecraft:player":1},"minecraft:dropped":{"tconstruct:tinkers_anvil":1,"minecraft:clay":46,"another_furniture:dark_oak_bench":2,"create:vertical_gearbox":1,"minecraft:moss_block":13,"create:millstone":1,"minecraft:lapis_lazuli":3,"minecraft:diamond":1,"vinery:white_grape_seeds":14,"create:cogwheel":6,"compressor:compressed_cobbled_deepslate":14,"travelersbackpack:standard":2,"minecraft:rail":6,"create:copper_diving_helmet":1,"minecraft:emerald":2,"minecraft:flint":3,"minecraft:dirt":12,"techreborn:raw_tin":8,"minecraft:large_fern":1,"extended_drawers:lock":2,"minecraft:mutton":4,"create:copper_backtank":2,"createastral:copper_leggings":1,"minecraft:jungle_sapling":2,"minecraft:gold_nugget":1,"create:goggles":2,"create:iron_sheet":7,"ftbquests:book":1,"minecraft:white_wool":22,"extended_drawers:single_drawer":1,"minecraft:gold_ingot":1,"vinery:red_grape_seeds":12,"minecraft:honeycomb_block":2,"tconstruct:travelers_leggings":1,"minecraft:gravel":280,"tconstruct:pickaxe":3,"minecraft:cooked_chicken":3,"minecraft:cobbled_deepslate":13,"tconstruct:broad_blade":1,"extended_drawers:double_drawer":1,"minecraft:wheat":12,"minecraft:obsidian":132,"techreborn:treetap":1,"minecraft:rotten_flesh":17,"minecraft:grindstone":1,"chipped:deepslate_40":1,"minecraft:oak_planks":14,"minecraft:fern":1,"tconstruct:cleaver":1,"tconstruct:sledge_hammer":1,"techreborn:tin_ingot":8,"createastral:copper_chestplate":1,"campanion:leather_pouch":2,"minecraft:skeleton_skull":1,"minecraft:melon_seeds":1,"tconstruct:hammer_head":1,"create:wrench":3,"minecraft:azalea":2,"create:depot":1,"minecraft:arrow":1,"minecraft:beef":4,"create:water_wheel":5,"create:mechanical_press":1,"tconstruct:seared_faucet":1,"create:powdered_obsidian":9,"tconstruct:cast_chest":1,"create:andesite_alloy":94,"minecraft:egg":1,"create:mechanical_mixer":2,"create:basin":1,"minecraft:iron_ingot":11,"minecraft:bread":13,"reinfchest:iron_chest":2,"create:unprocessed_obsidian_sheet":1,"minecraft:wheat_seeds":39,"tconstruct:seared_table":1,"mcdw:dagger_chill_gale_knife":1,"minecraft:oak_fence":10,"minecraft:cobblestone":64,"minecraft:granite":9,"minecraft:copper_ingot":8,"createastral:andesite_compound":3,"minecraft:grass_block":1,"minecraft:coal":7,"minecraft:stick":36,"create:andesite_casing":1,"techreborn:rubber_log":240,"minecraft:diorite":9,"tconstruct:travelers_helmet":1,"tconstruct:broad_axe_head":1,"mcdw:dagger_dagger":2,"techreborn:rubber":66,"create:copper_diving_boots":1,"minecraft:melon_slice":17,"minecraft:zombie_head":1,"travelersbackpack:spider":2,"farmersdelight:bacon":9,"minecraft:iron_axe":1,"createaddition:rolling_mill":1,"minecraft:string":2,"minecraft:bucket":3,"minecraft:music_disc_cat":1,"create:raw_zinc":1,"minecraft:smooth_basalt":3,"create:clutch":1,"createastral:copper_helmet":1,"minecraft:furnace":1,"techreborn:sap":111,"minecraft:moss_carpet":1,"create:ochrum":19,"create:shaft":8,"minecraft:cocoa_beans":3,"minecraft:raw_copper":406,"adoptafloppa:orca_item":1,"createastral:bronze_ingot":5,"minecraft:tuff":142,"create:encased_chain_drive":1,"minecraft:raw_iron":8,"minecraft:tall_grass":1,"create:copper_sheet":1,"doodads:platform":39,"packages:package_maker":2,"farmersdelight:flint_knife":1,"extended_drawers:connector":1,"reinfchest:copper_chest":3,"createastral:copper_boots":1,"create:zinc_ingot":72,"minecraft:andesite":8,"tconstruct:travelers_boots":1,"minecraft:oak_sapling":28,"create:hand_crank":1,"createaddition:gold_rod":1,"extended_drawers:quad_drawer":1,"tconstruct:seared_brick":107,"tconstruct:travelers_chestplate":1,"minecraft:spider_eye":1,"minecraft:slime_ball":4,"minecraft:bow":2,"minecraft:calcite":1,"farmersdelight:ham":1,"minecraft:black_wool":3},"minecraft:picked_up":{"techreborn:raw_tin":190,"tconstruct:tough_handle_cast":1,"minecraft:wheat":294,"vinery:red_grape":10,"tconstruct:cast_chest":1,"tconstruct:broad_axe_head":1,"minecraft:lead":2,"farmersdelight:rice_panicle":7,"vinery:red_grape_seeds":38,"create:wrench":2,"techreborn:treetap":1,"travelersbackpack:spider":2,"create:copper_diving_boots":1,"minecraft:amethyst_block":17,"minecraft:polished_deepslate":14,"minecraft:music_disc_cat":1,"minecraft:string":14,"minecraft:raw_copper":365,"create:unprocessed_obsidian_sheet":32,"minecraft:zombie_head":2,"create:water_wheel":12,"tconstruct:ingot_cast":1,"create:mechanical_press":8,"minecraft:cobbled_deepslate":849,"minecraft:bucket":3,"reinfchest:copper_chest":10,"techreborn:rubber_log":368,"minecraft:redstone_torch":13,"tconstruct:broad_blade":1,"minecraft:calcite":1,"minecraft:azalea":2,"minecraft:furnace":1,"minecraft:stick":230,"create:mechanical_mixer":11,"doodads:platform":62,"minecraft:oak_fence":11,"packages:package_maker":4,"minecraft:torch":28,"create:andesite_casing":14,"minecraft:porkchop":16,"tconstruct:seared_faucet":3,"minecraft:diorite":106,"extended_drawers:quad_drawer":5,"extended_drawers:connector":4,"create:large_cogwheel":21,"createaddition:gold_rod":1,"minecraft:rotten_flesh":37,"tconstruct:large_plate_cast":1,"create:ochrum":19,"tconstruct:spider_head":2,"minecraft:obsidian":88,"minecraft:cobblestone":1294,"tconstruct:seared_bricks":1,"minecraft:birch_log":104,"minecraft:feather":22,"farmersdelight:rice":1,"campanion:leather_pouch":1,"minecraft:jungle_log":163,"minecraft:andesite":556,"minecraft:potato":4,"createastral:bronze_sheet":3,"minecraft:flint":63,"minecraft:tuff":145,"create:raw_zinc":127,"minecraft:lapis_lazuli":31,"minecraft:stripped_birch_log":6,"minecraft:dirt":1391,"create:encased_chain_drive":20,"vinery:apple_pie_slice":4,"minecraft:bone":36,"farmersdelight:iron_knife":1,"minecraft:bow":2,"minecraft:wheat_seeds":745,"minecraft:raw_gold":34,"minecraft:grindstone":2,"create:goggles":2,"tconstruct:seared_table":6,"create:shaft":36,"minecraft:moss_block":13,"minecraft:oak_planks":5,"chipped:deepslate_40":1,"mcdw:axe_firebrand":1,"extended_drawers:single_drawer":9,"mcdw:dagger_chill_gale_knife":1,"minecraft:cooked_porkchop":6,"create:cogwheel":32,"minecraft:sand":34,"vinery:white_grape":7,"tconstruct:hammer_head":1,"extractinator:silt":5,"techreborn:rubber":64,"techreborn:rubber_sapling":179,"minecraft:sugar":2,"minecraft:diamond":14,"minecraft:lever":1,"minecraft:crossbow":1,"minecraft:granite":42,"minecraft:emerald":9,"create:stressometer":10,"minecraft:oak_sapling":55,"tconstruct:travelers_chestplate":1,"minecraft:cocoa_beans":5,"minecraft:chicken":23,"minecraft:clay_ball":96,"tconstruct:tinkers_anvil":1,"vinery:apple_pie":1,"tconstruct:travelers_helmet":1,"createaddition:rolling_mill":7,"minecraft:chain":6,"minecraft:moss_carpet":1,"minecraft:iron_axe":2,"tconstruct:cleaver":1,"minecraft:beef":49,"minecraft:player_head":1,"create:basin":4,"minecraft:jungle_sapling":23,"minecraft:poppy":4,"minecraft:light_gray_wool":2,"minecraft:birch_sapling":27,"create:clutch":5,"minecraft:raw_copper_block":14,"minecraft:egg":15,"extended_drawers:double_drawer":2,"minecraft:raw_iron":254,"minecraft:copper_ingot":39,"tconstruct:pickaxe":3,"create:copper_backtank":4,"create:hand_crank":4,"create:powdered_obsidian":9,"minecraft:redstone":830,"create:zinc_ingot":4,"create:vertical_gearbox":35,"minecraft:tnt":1,"minecraft:arrow":36,"tconstruct:tinker_station":2,"vinery:white_grape_seeds":39,"create:depot":4,"minecraft:saddle":1,"extended_drawers:lock":3,"minecraft:mutton":12,"minecraft:rail":6,"minecraft:skeleton_skull":3,"minecraft:white_wool":5,"create:iron_sheet":2,"tconstruct:travelers_boots":1,"minecraft:glow_ink_sac":2,"tconstruct:part_builder":2,"minecraft:leather":17,"tconstruct:travelers_leggings":1,"minecraft:oak_log":71,"create:andesite_alloy":4,"farmersdelight:skillet":1,"minecraft:gunpowder":2,"minecraft:paper":23,"minecraft:white_banner":4,"techreborn:sap":4,"tconstruct:seared_brick":7,"minecraft:cooked_mutton":1,"minecraft:apple":14,"tconstruct:sledge_hammer":1,"create:adjustable_chain_gearshift":5,"minecraft:iron_ingot":2,"minecraft:cooked_chicken":4,"mcdw:dagger_dagger":1,"another_furniture:dark_oak_bench":2,"minecraft:smooth_basalt":3,"create:large_water_wheel":7,"minecraft:raw_iron_block":1,"minecraft:gravel":705,"minecraft:white_bed":1,"minecraft:spider_eye":9,"create:gearbox":20,"create:copper_diving_helmet":1,"packages:package":4,"travelersbackpack:standard":5,"create:millstone":3,"reinfchest:iron_chest":2,"adoptafloppa:orca_item":1,"tconstruct:pattern":24,"minecraft:damaged_anvil":1,"minecraft:coal":312}},"DataVersion":2975}